"_messagetimems","_messagetime","_raw"
"1527825890000","06/01/2018 12:04:50.000 +0800","May 31 21:04:50 localhost haproxy[37793]: 96.241.80.203:50427 [31/May/2018:21:04:45.006] ft_lm_customer_ssl~ compusearch.logicmonitor.com/prod22.dc4.logicmonitor.net 5106/0/0/10/5116 200 163 - - ---- 505/505/0/1/0 0/0 {compusearch.logicmonitor.com|Mozilla/5.0 (Windows NT 10.0; Win64; x64) AppleWebKit/537.36 (KHTML, like Gecko) Chrome/66.0.3359.181 Safari/537.36} ""POST /santaba/rest/recyclebin/recycles/batchrestore?_scope=internal HTTP/1.1"" pod=p01.dc7.prod"
"1527816273000","06/01/2018 09:24:33.000 +0800","May 31 18:24:33 localhost haproxy[13837]: 74.201.65.12:42237 [31/May/2018:18:24:33.058] ft_lm_customer_ssl~ vmwaretesting.logicmonitor.com/demo-i-0ee24e85d317de3c4.us-west-1.logicmonitor.net 216/0/0/10/226 200 196 - - ---- 1100/1098/0/1/0 0/0 {vmwaretesting.logicmonitor.com|Mozilla/5.0 (Macintosh; Intel Mac OS X 10.12; rv:60.0) Gecko/20100101 Firefox/60.0} ""POST /santaba/rest/recyclebin/recycles/batchrestore?_scope=internal HTTP/1.1"" pod=p01.us-west-1.ng"
"1527806835000","06/01/2018 06:47:15.000 +0800","May 31 15:47:15 localhost haproxy[296893]: 182.73.112.18:56929 [31/May/2018:15:47:13.731] ft_lm_customer_ssl~ autodesk.logicmonitor.com/prod15.dc4.logicmonitor.net 2143/0/0/12/2155 200 163 - - ---- 290/290/0/1/0 0/0 {autodesk.logicmonitor.com|Mozilla/5.0 (Windows NT 6.1; Win64; x64) AppleWebKit/537.36 (KHTML, like Gecko) Chrome/66.0.3359.181 Safari/537.36} ""POST /santaba/rest/recyclebin/recycles/batchrestore?_scope=internal HTTP/1.1"" pod=p02.dc7.prod"
"1527801773000","06/01/2018 05:22:53.000 +0800","May 31 14:22:53 localhost haproxy[29160]: 24.105.175.3:58571 [31/May/2018:14:22:44.736] ft_lm_customer_ssl~ symquest.logicmonitor.com/prod45.la3.logicmonitor.net 8833/0/0/7/8840 200 163 - - ---- 430/430/0/1/0 0/0 {symquest.logicmonitor.com|Mozilla/5.0 (Windows NT 6.1; Win64; x64) AppleWebKit/537.36 (KHTML, like Gecko) Chrome/66.0.3359.181 Safari/537.36} ""POST /santaba/rest/recyclebin/recycles/batchrestore?_scope=internal HTTP/1.1"" pod=p05.la3.prod"
"1527800648000","06/01/2018 05:04:08.000 +0800","May 31 14:04:08 localhost haproxy[143079]: 206.169.92.18:47089 [31/May/2018:14:04:08.338] ft_lm_customer_ssl~ curvature.logicmonitor.com/prod09.la3.logicmonitor.net 230/0/0/12/242 200 163 - - ---- 446/446/0/1/0 0/0 {curvature.logicmonitor.com|Mozilla/5.0 (Windows NT 10.0; Win64; x64) AppleWebKit/537.36 (KHTML, like Gecko) Chrome/66.0.3359.181 Safari/537.36} ""POST /santaba/rest/recyclebin/recycles/batchrestore?_scope=internal HTTP/1.1"" pod=p01.la3.prod"
"1527800618000","06/01/2018 05:03:38.000 +0800","May 31 14:03:38 localhost haproxy[13482]: 208.4.61.130:47978 [31/May/2018:14:03:38.408] ft_lm_customer_ssl~ penfed.logicmonitor.com/prod80.dc4.logicmonitor.net 254/0/1/7/262 200 163 - - ---- 404/404/0/1/0 0/0 {penfed.logicmonitor.com|Mozilla/5.0 (Windows NT 6.1; Win64; x64) AppleWebKit/537.36 (KHTML, like Gecko) Chrome/66.0.3359.181 Safari/537.36} ""POST /santaba/rest/recyclebin/recycles/batchrestore?_scope=internal HTTP/1.1"" pod=p06.dc7.prod"
"1527789067000","06/01/2018 01:51:07.000 +0800","May 31 10:51:07 localhost haproxy[49199]: 69.194.133.70:61176 [31/May/2018:10:50:59.957] ft_lm_customer_ssl~ bradyindustries.logicmonitor.com/prod23.la3.logicmonitor.net 7307/0/0/9/7316 200 163 - - ---- 525/525/0/1/0 0/0 {bradyindustries.logicmonitor.c|Mozilla/5.0 (Windows NT 10.0; Win64; x64) AppleWebKit/537.36 (KHTML, like Gecko) Chrome/67.0.3396.62 Safari/537.36} ""POST /santaba/rest/recyclebin/recycles/batchrestore?_scope=internal HTTP/1.1"" pod=p02.la3.prod"
"1527775851000","05/31/2018 22:10:51.000 +0800","May 31 07:10:51 localhost haproxy[42116]: 198.190.213.252:65131 [31/May/2018:07:10:33.340] ft_lm_customer_ssl~ xavier.logicmonitor.com/prod39.dc4.logicmonitor.net 18533/0/0/88/18621 200 163 - - ---- 379/379/0/1/0 0/0 {xavier.logicmonitor.com|Mozilla/5.0 (Windows NT 10.0; Win64; x64) AppleWebKit/537.36 (KHTML, like Gecko) Chrome/66.0.3359.181 Safari/537.36} ""POST /santaba/rest/recyclebin/recycles/batchrestore?_scope=internal HTTP/1.1"" pod=p12.dc4.prod"
"1527769552000","05/31/2018 20:25:52.000 +0800","May 31 05:25:52 localhost haproxy[29918]: 74.201.65.12:32081 [31/May/2018:05:25:48.256] ft_lm_customer_ssl~ vmwaretesting.logicmonitor.com/demo-i-0ee24e85d317de3c4.us-west-1.logicmonitor.net 4045/0/0/10/4055 200 196 - - ---- 1032/1032/1/2/0 0/0 {vmwaretesting.logicmonitor.com|Mozilla/5.0 (Windows NT 10.0; Win64; x64; rv:60.0) Gecko/20100101 Firefox/60.0} ""POST /santaba/rest/recyclebin/recycles/batchrestore?_scope=internal HTTP/1.1"" pod=p01.us-west-1.ng"
"1527744174000","05/31/2018 13:22:54.000 +0800","May 30 22:22:54 localhost haproxy[80717]: 144.130.175.246:55677 [30/May/2018:22:22:47.060] ft_lm_customer_ssl~ madisontech.logicmonitor.com/demo02.dc4.logicmonitor.net 7325/0/0/24/7366 200 163 - - ---- 123/123/0/1/0 0/0 {madisontech.logicmonitor.com|Mozilla/5.0 (Windows NT 10.0; Win64; x64) AppleWebKit/537.36 (KHTML, like Gecko) Chrome/66.0.3359.181 Safari/537.36} ""POST /santaba/rest/recyclebin/recycles/batchrestore?_scope=internal HTTP/1.1"" pod=p01.dc4.demo"
"1527724111000","05/31/2018 07:48:31.000 +0800","May 30 16:48:31 localhost haproxy[148098]: 184.191.182.226:50240 [30/May/2018:16:48:24.487] ft_lm_customer_ssl~ csci.logicmonitor.com/prod31.la3.logicmonitor.net 7215/0/0/8/7223 200 163 - - ---- 517/517/0/1/0 0/0 {csci.logicmonitor.com|Mozilla/5.0 (Windows NT 10.0; Win64; x64) AppleWebKit/537.36 (KHTML, like Gecko) Chrome/67.0.3396.62 Safari/537.36} ""POST /santaba/rest/recyclebin/recycles/batchrestore?_scope=internal HTTP/1.1"" pod=p02.la3.prod"
"1527718332000","05/31/2018 06:12:12.000 +0800","May 30 15:12:12 localhost haproxy[71091]: 142.129.92.19:51924 [30/May/2018:15:12:04.081] ft_lm_customer_ssl~ static1.logicmonitor.com/demo02.dc4.logicmonitor.net 8796/0/0/46/8842 200 163 - - ---- 134/134/0/1/0 0/0 {static1.logicmonitor.com|Mozilla/5.0 (Windows NT 10.0; Win64; x64) AppleWebKit/537.36 (KHTML, like Gecko) Chrome/66.0.3359.181 Safari/537.36} ""POST /santaba/rest/recyclebin/recycles/batchrestore?_scope=internal HTTP/1.1"" pod=p01.dc4.demo"
"1527710995000","05/31/2018 04:09:55.000 +0800","May 30 13:09:55 localhost haproxy[134413]: 174.79.76.34:46235 [30/May/2018:13:09:55.743] ft_lm_customer_ssl~ prod3la.logicmonitor.com/prod01.la3.logicmonitor.net 164/0/0/29/193 200 196 - - ---- 316/316/0/1/0 0/0 {prod3la.logicmonitor.com|Mozilla/5.0 (Macintosh; Intel Mac OS X 10_13_4) AppleWebKit/537.36 (KHTML, like Gecko) Chrome/67.0.3396.62 Safari/537.36} ""POST /santaba/rest/recyclebin/recycles/batchrestore?_scope=internal HTTP/1.1"" pod=p03.la3.prod"
"1527708036000","05/31/2018 03:20:36.000 +0800","May 30 12:20:36 localhost haproxy[83698]: 63.118.133.42:55649 [30/May/2018:12:20:36.251] ft_lm_customer_ssl~ insourceservices.logicmonitor.com/prod77.dc4.logicmonitor.net 27/0/0/9/36 200 163 - - ---- 516/516/0/1/0 0/0 {insourceservices.logicmonitor.|Mozilla/5.0 (Macintosh; Intel Mac OS X 10_13_4) AppleWebKit/537.36 (KHTML, like Gecko) Chrome/66.0.3359.181 Safari/537.36} ""POST /santaba/rest/recyclebin/recycles/batchrestore?_scope=internal HTTP/1.1"" pod=p01.dc7.prod"
"1527705994000","05/31/2018 02:46:34.000 +0800","May 30 11:46:34 localhost haproxy[39835]: 174.104.137.96:62258 [30/May/2018:11:46:29.708] ft_lm_customer_ssl~ dialogtech.logicmonitor.com/demo03.dc4.logicmonitor.net 4568/0/0/46/4614 200 163 - - ---- 129/129/0/1/0 0/0 {dialogtech.logicmonitor.com|Mozilla/5.0 (Macintosh; Intel Mac OS X 10_13_4) AppleWebKit/537.36 (KHTML, like Gecko) Chrome/66.0.3359.139 Safari/537.36} ""POST /santaba/rest/recyclebin/recycles/batchrestore?_scope=internal HTTP/1.1"" pod=p01.dc4.demo"
"1527705989000","05/31/2018 02:46:29.000 +0800","May 30 11:46:29 localhost haproxy[39835]: 174.104.137.96:62258 [30/May/2018:11:46:27.663] ft_lm_customer_ssl~ dialogtech.logicmonitor.com/demo03.dc4.logicmonitor.net 1341/0/0/46/1387 200 163 - - ---- 116/116/0/1/0 0/0 {dialogtech.logicmonitor.com|Mozilla/5.0 (Macintosh; Intel Mac OS X 10_13_4) AppleWebKit/537.36 (KHTML, like Gecko) Chrome/66.0.3359.139 Safari/537.36} ""POST /santaba/rest/recyclebin/recycles/batchrestore?_scope=internal HTTP/1.1"" pod=p01.dc4.demo"
"1527703791000","05/31/2018 02:09:51.000 +0800","May 30 11:09:51 localhost haproxy[5026]: 174.79.76.34:57833 [30/May/2018:11:09:47.115] ft_lm_customer_ssl~ accounts.logicmonitor.com/santaba-i-0b41dd321295c22e5.us-west-1.logicmonitor.net 4499/0/0/11/4510 200 196 - - ---- 1156/1154/0/1/0 0/0 {accounts.logicmonitor.com|Mozilla/5.0 (Macintosh; Intel Mac OS X 10_13_4) AppleWebKit/537.36 (KHTML, like Gecko) Chrome/66.0.3359.181 Safari/537.36} ""POST /santaba/rest/recyclebin/recycles/batchrestore?_scope=internal HTTP/1.1"" pod=p01.us-west-1.ng"
"1527698389000","05/31/2018 00:39:49.000 +0800","May 30 09:39:49 localhost haproxy[165967]: 172.100.176.182:50204 [30/May/2018:09:39:49.302] ft_lm_customer_ssl~ annese.logicmonitor.com/prod05.dc4.logicmonitor.net 464/0/0/7/471 200 163 - - ---- 334/334/0/1/0 0/0 {annese.logicmonitor.com|Mozilla/5.0 (Windows NT 10.0; Win64; x64) AppleWebKit/537.36 (KHTML, like Gecko) Chrome/66.0.3359.181 Safari/537.36} ""POST /santaba/rest/recyclebin/recycles/batchrestore?_scope=internal HTTP/1.1"" pod=p07.dc4.prod"
"1527695371000","05/30/2018 23:49:31.000 +0800","May 30 08:49:31 localhost haproxy[165976]: 172.100.176.182:49761 [30/May/2018:08:49:22.234] ft_lm_customer_ssl~ annese.logicmonitor.com/prod05.dc4.logicmonitor.net 9673/0/0/6/9679 200 163 - - ---- 324/324/0/1/0 0/0 {annese.logicmonitor.com|Mozilla/5.0 (Windows NT 10.0; Win64; x64) AppleWebKit/537.36 (KHTML, like Gecko) Chrome/66.0.3359.181 Safari/537.36} ""POST /santaba/rest/recyclebin/recycles/batchrestore?_scope=internal HTTP/1.1"" pod=p07.dc4.prod"
"1527641680000","05/30/2018 08:54:40.000 +0800","May 29 17:54:40 localhost haproxy[110041]: 208.95.208.2:51798 [29/May/2018:17:54:40.559] ft_lm_customer_ssl~ ccisystemssandbox.logicmonitor.com/prod59.dc4.logicmonitor.net 44/0/0/6/50 200 163 - - ---- 7/7/0/1/0 0/0 {ccisystemssandbox.logicmonitor|Mozilla/5.0 (Windows NT 10.0; Win64; x64; rv:60.0) Gecko/20100101 Firefox/60.0} ""POST /santaba/rest/recyclebin/recycles/batchrestore?_scope=internal HTTP/1.1"" pod=p15.dc4.prod"
"1527638168000","05/30/2018 07:56:08.000 +0800","May 29 16:56:08 localhost haproxy[63313]: 64.60.7.146:38353 [29/May/2018:16:55:58.700] ft_lm_customer_ssl~ willingminds.logicmonitor.com/prod40.la3.logicmonitor.net 9827/0/0/6/9833 200 163 - - ---- 464/464/0/1/0 0/0 {willingminds.logicmonitor.com|Mozilla/5.0 (Windows NT 10.0; Win64; x64) AppleWebKit/537.36 (KHTML, like Gecko) Chrome/66.0.3359.181 Safari/537.36} ""POST /santaba/rest/recyclebin/recycles/batchrestore?_scope=internal HTTP/1.1"" pod=p04.la3.prod"
"1527582240000","05/29/2018 16:24:00.000 +0800","May 29 01:24:00 localhost haproxy[165976]: 176.74.162.69:52707 [29/May/2018:01:24:00.523] ft_lm_customer_ssl~ peer1support.logicmonitor.com/prod73.dc4.logicmonitor.net 102/0/0/27/129 200 163 - - ---- 297/297/0/1/0 0/0 {peer1support.logicmonitor.com|Mozilla/5.0 (Windows NT 10.0; WOW64; rv:60.0) Gecko/20100101 Firefox/60.0} ""POST /santaba/rest/recyclebin/recycles/batchrestore?_scope=internal HTTP/1.1"" pod=p07.dc4.prod"
"1527582123000","05/29/2018 16:22:03.000 +0800","May 29 01:22:03 localhost haproxy[165976]: 176.74.162.69:52707 [29/May/2018:01:21:39.456] ft_lm_customer_ssl~ peer1support.logicmonitor.com/prod73.dc4.logicmonitor.net 23801/0/0/6/23807 200 163 - - ---- 341/341/0/1/0 0/0 {peer1support.logicmonitor.com|Mozilla/5.0 (Windows NT 10.0; WOW64; rv:60.0) Gecko/20100101 Firefox/60.0} ""POST /santaba/rest/recyclebin/recycles/batchrestore?_scope=internal HTTP/1.1"" pod=p07.dc4.prod"
"1527555422000","05/29/2018 08:57:02.000 +0800","May 28 17:57:02 localhost haproxy[271161]: 130.95.232.47:58298 [28/May/2018:17:57:00.017] ft_lm_customer_ssl~ uwa.logicmonitor.com/prod19.dc4.logicmonitor.net 2041/0/0/275/2316 200 163 - - ---- 279/279/0/1/0 0/0 {uwa.logicmonitor.com|Mozilla/5.0 (Windows NT 10.0; Win64; x64) AppleWebKit/537.36 (KHTML, like Gecko) Chrome/66.0.3359.181 Safari/537.36} ""POST /santaba/rest/recyclebin/recycles/batchrestore?_scope=internal HTTP/1.1"" pod=p09.dc4.prod"
"1527513499000","05/28/2018 21:18:19.000 +0800","May 28 06:18:19 localhost haproxy[137638]: 46.255.113.77:54158 [28/May/2018:06:18:19.222] ft_lm_customer_ssl~ aeriandi.logicmonitor.com/prod42.la3.logicmonitor.net 160/0/0/16/176 200 163 - - ---- 499/499/0/1/0 0/0 {aeriandi.logicmonitor.com|Mozilla/5.0 (Windows NT 10.0; Win64; x64; rv:60.0) Gecko/20100101 Firefox/60.0} ""POST /santaba/rest/recyclebin/recycles/batchrestore?_scope=internal HTTP/1.1"" pod=p05.la3.prod"
"1527504821000","05/28/2018 18:53:41.000 +0800","May 28 03:53:41 localhost haproxy[189219]: 80.146.228.79:5811 [28/May/2018:03:53:41.235] ft_lm_customer_ssl~ healthineers.logicmonitor.com/demo01.ld5.logicmonitor.net 39/0/0/14/53 200 163 - - ---- 170/170/0/1/0 0/0 {healthineers.logicmonitor.com|Mozilla/5.0 (Windows NT 10.0; Win64; x64) AppleWebKit/537.36 (KHTML, like Gecko) Chrome/66.0.3359.181 Safari/537.36} ""POST /santaba/rest/recyclebin/recycles/batchrestore?_scope=internal HTTP/1.1"" pod=p02.ld5.prod"
"1527279444000","05/26/2018 04:17:24.000 +0800","May 25 13:17:24 localhost haproxy[188000]: 71.162.136.195:65305 [25/May/2018:13:17:23.726] ft_lm_customer_ssl~ helient.logicmonitor.com/prod45.la3.logicmonitor.net 549/0/0/6/555 200 163 - - ---- 522/522/0/1/0 0/0 {helient.logicmonitor.com|Mozilla/5.0 (Windows NT 10.0; Win64; x64) AppleWebKit/537.36 (KHTML, like Gecko) Chrome/66.0.3359.181 Safari/537.36} ""POST /santaba/rest/recyclebin/recycles/batchrestore?_scope=internal HTTP/1.1"" pod=p05.la3.prod"
"1527278538000","05/26/2018 04:02:18.000 +0800","May 25 13:02:18 localhost haproxy[167153]: 64.128.128.66:57902 [25/May/2018:13:02:13.310] ft_lm_customer_ssl~ lantheus.logicmonitor.com/demo03.dc4.logicmonitor.net 5440/0/0/128/5568 200 163 - - ---- 169/169/0/1/0 0/0 {lantheus.logicmonitor.com|Mozilla/5.0 (Windows NT 10.0; Win64; x64) AppleWebKit/537.36 (KHTML, like Gecko) Chrome/66.0.3359.181 Safari/537.36} ""POST /santaba/rest/recyclebin/recycles/batchrestore?_scope=internal HTTP/1.1"" pod=p01.dc4.demo"
"1527269130000","05/26/2018 01:25:30.000 +0800","May 25 10:25:30 localhost haproxy[40163]: 173.224.162.69:12952 [25/May/2018:10:25:30.228] ft_lm_customer_ssl~ paypal.logicmonitor.com/prod11.la3.logicmonitor.net 18/0/0/18/36 200 163 - - ---- 362/362/0/1/0 0/0 {paypal.logicmonitor.com|Mozilla/5.0 (Macintosh; Intel Mac OS X 10_13_4) AppleWebKit/605.1.15 (KHTML, like Gecko) Version/11.1 Safari/605.1.15} ""POST /santaba/rest/recyclebin/recycles/batchrestore?_scope=internal HTTP/1.1"" pod=p01.la3.prod"
"1527263579000","05/25/2018 23:52:59.000 +0800","May 25 08:52:59 localhost haproxy[84846]: 208.81.151.97:60255 [25/May/2018:08:52:59.401] ft_lm_customer_ssl~ involta.logicmonitor.com/demo01.dc4.logicmonitor.net 17/0/0/5/22 200 163 - - ---- 191/191/0/1/0 0/0 {involta.logicmonitor.com|Mozilla/5.0 (Windows NT 10.0; Win64; x64) AppleWebKit/537.36 (KHTML, like Gecko) Chrome/66.0.3359.181 Safari/537.36} ""POST /santaba/rest/recyclebin/recycles/batchrestore?_scope=internal HTTP/1.1"" pod=p01.dc4.demo"
"1527244865000","05/25/2018 18:41:05.000 +0800","May 25 03:41:05 localhost haproxy[110992]: 188.95.132.8:62897 [25/May/2018:03:40:54.944] ft_lm_customer_ssl~ redcentricplc.logicmonitor.com/prod01.ld5.logicmonitor.net 10099/0/0/761/10860 200 163 - - ---- 240/240/0/1/0 0/0 {redcentricplc.logicmonitor.com|Mozilla/5.0 (Windows NT 6.1; Win64; x64) AppleWebKit/537.36 (KHTML, like Gecko) Chrome/66.0.3359.181 Safari/537.36} ""POST /santaba/rest/recyclebin/recycles/batchrestore?_scope=internal HTTP/1.1"" pod=p01.ld5.prod"
"1527235867000","05/25/2018 16:11:07.000 +0800","May 25 01:11:07 localhost haproxy[208036]: 167.98.35.74:45365 [25/May/2018:01:11:07.626] ft_lm_customer_ssl~ globaltechnology.logicmonitor.com/prod27.ld5.logicmonitor.net 55/0/0/17/72 200 163 - - ---- 79/79/0/1/0 0/0 {globaltechnology.logicmonitor.|Mozilla/5.0 (Windows NT 10.0; Win64; x64) AppleWebKit/537.36 (KHTML, like Gecko) Chrome/66.0.3359.181 Safari/537.36} ""POST /santaba/rest/recyclebin/recycles/batchrestore?_scope=internal HTTP/1.1"" pod=p04.ld5.prod"
"1527223673000","05/25/2018 12:47:53.000 +0800","May 24 21:47:53 localhost haproxy[27389]: 75.166.96.63:60004 [24/May/2018:21:47:53.309] ft_lm_customer_ssl~ quandis.logicmonitor.com/prod05.la3.logicmonitor.net 106/0/0/6/112 200 163 - - ---- 497/497/0/1/0 0/0 {quandis.logicmonitor.com|Mozilla/5.0 (Windows NT 10.0; Win64; x64) AppleWebKit/537.36 (KHTML, like Gecko) Chrome/66.0.3359.181 Safari/537.36} ""POST /santaba/rest/recyclebin/recycles/batchrestore?_scope=internal HTTP/1.1"" pod=p01.la3.prod"
"1527191821000","05/25/2018 03:57:01.000 +0800","May 24 12:57:01 localhost haproxy[151093]: 24.255.161.153:54711 [24/May/2018:12:56:47.138] ft_lm_customer_ssl~ optiv.logicmonitor.com/demo02.dc4.logicmonitor.net 14444/0/0/6/14450 200 163 - - ---- 227/227/0/1/0 0/0 {optiv.logicmonitor.com|Mozilla/5.0 (Windows NT 6.1; Win64; x64) AppleWebKit/537.36 (KHTML, like Gecko) Chrome/66.0.3359.181 Safari/537.36} ""POST /santaba/rest/recyclebin/recycles/batchrestore?_scope=internal HTTP/1.1"" pod=p01.dc4.demo"
"1527191742000","05/25/2018 03:55:42.000 +0800","May 24 12:55:42 localhost haproxy[151099]: 24.255.161.153:54625 [24/May/2018:12:55:35.424] ft_lm_customer_ssl~ optiv.logicmonitor.com/demo02.dc4.logicmonitor.net 7352/0/0/6/7358 200 163 - - ---- 275/275/0/1/0 0/0 {optiv.logicmonitor.com|Mozilla/5.0 (Windows NT 6.1; Win64; x64) AppleWebKit/537.36 (KHTML, like Gecko) Chrome/66.0.3359.181 Safari/537.36} ""POST /santaba/rest/recyclebin/recycles/batchrestore?_scope=internal HTTP/1.1"" pod=p01.dc4.demo"
"1527191449000","05/25/2018 03:50:49.000 +0800","May 24 12:50:49 localhost haproxy[296889]: 66.199.31.1:26904 [24/May/2018:12:50:42.973] ft_lm_customer_ssl~ teklinks.logicmonitor.com/prod14.dc4.logicmonitor.net 6154/0/0/4/6158 200 163 - - ---- 288/288/0/1/0 0/0 {teklinks.logicmonitor.com|Mozilla/5.0 (Macintosh; Intel Mac OS X 10_13_4) AppleWebKit/605.1.15 (KHTML, like Gecko) Version/11.1 Safari/605.1.15} ""POST /santaba/rest/recyclebin/recycles/batchrestore?_scope=internal HTTP/1.1"" pod=p02.dc7.prod"
"1527176814000","05/24/2018 23:46:54.000 +0800","May 24 08:46:54 localhost haproxy[165970]: 50.246.16.173:51001 [24/May/2018:08:46:54.575] ft_lm_customer_ssl~ lightnetworks.logicmonitor.com/prod73.dc4.logicmonitor.net 91/0/0/14/105 200 163 - - ---- 332/332/0/1/0 0/0 {lightnetworks.logicmonitor.com|Mozilla/5.0 (Windows NT 10.0; Win64; x64) AppleWebKit/537.36 (KHTML, like Gecko) Chrome/66.0.3359.181 Safari/537.36} ""POST /santaba/rest/recyclebin/recycles/batchrestore?_scope=internal HTTP/1.1"" pod=p07.dc4.prod"
"1527174437000","05/24/2018 23:07:17.000 +0800","May 24 08:07:17 localhost haproxy[121358]: 87.237.218.162:31967 [24/May/2018:08:07:17.021] ft_lm_customer_ssl~ adidas.logicmonitor.com/prod12.ld5.logicmonitor.net 37/0/0/7/44 200 163 - - ---- 197/197/0/1/0 0/0 {adidas.logicmonitor.com|Mozilla/5.0 (Windows NT 10.0; Win64; x64) AppleWebKit/537.36 (KHTML, like Gecko) Chrome/64.0.3282.140 Safari/537.36} ""POST /santaba/rest/recyclebin/recycles/batchrestore?_scope=internal HTTP/1.1"" pod=p02.ld5.prod"
"1527162895000","05/24/2018 19:54:55.000 +0800","May 24 04:54:55 localhost haproxy[137640]: 71.162.136.195:56994 [24/May/2018:04:54:50.293] ft_lm_customer_ssl~ helient.logicmonitor.com/prod45.la3.logicmonitor.net 5096/0/0/10/5106 200 163 - - ---- 566/566/0/1/0 0/0 {helient.logicmonitor.com|Mozilla/5.0 (Windows NT 10.0; Win64; x64) AppleWebKit/537.36 (KHTML, like Gecko) Chrome/66.0.3359.181 Safari/537.36} ""POST /santaba/rest/recyclebin/recycles/batchrestore?_scope=internal HTTP/1.1"" pod=p05.la3.prod"
"1527137367000","05/24/2018 12:49:27.000 +0800","May 23 21:49:27 localhost haproxy[151098]: 202.173.25.1:59022 [23/May/2018:21:49:26.056] ft_lm_customer_ssl~ logmein.logicmonitor.com/demo02.dc4.logicmonitor.net 1592/0/0/12/1604 200 163 - - ---- 241/241/0/1/0 0/0 {logmein.logicmonitor.com|Mozilla/5.0 (Macintosh; Intel Mac OS X 10_12_6) AppleWebKit/537.36 (KHTML, like Gecko) Chrome/65.0.3325.181 Safari/537.36} ""POST /santaba/rest/recyclebin/recycles/batchrestore?_scope=internal HTTP/1.1"" pod=p01.dc4.demo"
"1527137343000","05/24/2018 12:49:03.000 +0800","May 23 21:49:03 localhost haproxy[151096]: 202.173.25.1:58957 [23/May/2018:21:48:58.063] ft_lm_customer_ssl~ logmein.logicmonitor.com/demo02.dc4.logicmonitor.net 5313/0/0/7/5320 200 163 - - ---- 203/203/0/1/0 0/0 {logmein.logicmonitor.com|Mozilla/5.0 (Macintosh; Intel Mac OS X 10_12_6) AppleWebKit/537.36 (KHTML, like Gecko) Chrome/65.0.3325.181 Safari/537.36} ""POST /santaba/rest/recyclebin/recycles/batchrestore?_scope=internal HTTP/1.1"" pod=p01.dc4.demo"
"1527137334000","05/24/2018 12:48:54.000 +0800","May 23 21:48:54 localhost haproxy[151098]: 202.173.25.1:59022 [23/May/2018:21:48:45.534] ft_lm_customer_ssl~ logmein.logicmonitor.com/demo02.dc4.logicmonitor.net 9412/0/0/6/9418 200 163 - - ---- 217/217/0/1/0 0/0 {logmein.logicmonitor.com|Mozilla/5.0 (Macintosh; Intel Mac OS X 10_12_6) AppleWebKit/537.36 (KHTML, like Gecko) Chrome/65.0.3325.181 Safari/537.36} ""POST /santaba/rest/recyclebin/recycles/batchrestore?_scope=internal HTTP/1.1"" pod=p01.dc4.demo"
"1527137312000","05/24/2018 12:48:32.000 +0800","May 23 21:48:32 localhost haproxy[151096]: 202.173.25.1:58957 [23/May/2018:21:48:26.066] ft_lm_customer_ssl~ logmein.logicmonitor.com/demo02.dc4.logicmonitor.net 6752/0/0/16/6768 200 163 - - ---- 235/235/0/1/0 0/0 {logmein.logicmonitor.com|Mozilla/5.0 (Macintosh; Intel Mac OS X 10_12_6) AppleWebKit/537.36 (KHTML, like Gecko) Chrome/65.0.3325.181 Safari/537.36} ""POST /santaba/rest/recyclebin/recycles/batchrestore?_scope=internal HTTP/1.1"" pod=p01.dc4.demo"
"1527137284000","05/24/2018 12:48:04.000 +0800","May 23 21:48:04 localhost haproxy[151096]: 202.173.25.1:58957 [23/May/2018:21:47:56.905] ft_lm_customer_ssl~ logmein.logicmonitor.com/demo02.dc4.logicmonitor.net 7544/0/0/14/7558 200 163 - - ---- 265/265/0/1/0 0/0 {logmein.logicmonitor.com|Mozilla/5.0 (Macintosh; Intel Mac OS X 10_12_6) AppleWebKit/537.36 (KHTML, like Gecko) Chrome/65.0.3325.181 Safari/537.36} ""POST /santaba/rest/recyclebin/recycles/batchrestore?_scope=internal HTTP/1.1"" pod=p01.dc4.demo"
"1527119397000","05/24/2018 07:49:57.000 +0800","May 23 16:49:57 localhost haproxy[165971]: 155.201.150.20:58585 [23/May/2018:16:49:56.875] ft_lm_customer_ssl~ pwcmlp.logicmonitor.com/prod73.dc4.logicmonitor.net 252/0/0/120/372 200 163 - - ---- 289/289/0/1/0 0/0 {pwcmlp.logicmonitor.com|Mozilla/5.0 (Windows NT 10.0; WOW64; Trident/7.0; rv:11.0) like Gecko} ""POST /santaba/rest/recyclebin/recycles/batchrestore?_scope=internal HTTP/1.1"" pod=p07.dc4.prod"
"1527118856000","05/24/2018 07:40:56.000 +0800","May 23 16:40:56 localhost haproxy[165976]: 155.201.150.20:14851 [23/May/2018:16:40:55.916] ft_lm_customer_ssl~ pwcmlp.logicmonitor.com/prod73.dc4.logicmonitor.net 73/0/0/11/84 200 163 - - ---- 349/349/0/1/0 0/0 {pwcmlp.logicmonitor.com|Mozilla/5.0 (Windows NT 10.0; WOW64; Trident/7.0; rv:11.0) like Gecko} ""POST /santaba/rest/recyclebin/recycles/batchrestore?_scope=internal HTTP/1.1"" pod=p07.dc4.prod"
"1527118239000","05/24/2018 07:30:39.000 +0800","May 23 16:30:39 localhost haproxy[23648]: 50.205.181.74:15070 [23/May/2018:16:30:39.732] ft_lm_customer_ssl~ natera.logicmonitor.com/prod40.la3.logicmonitor.net 73/0/0/7/80 200 163 - - ---- 474/474/0/1/0 0/0 {natera.logicmonitor.com|Mozilla/5.0 (Macintosh; Intel Mac OS X 10_13_4) AppleWebKit/537.36 (KHTML, like Gecko) Chrome/66.0.3359.181 Safari/537.36} ""POST /santaba/rest/recyclebin/recycles/batchrestore?_scope=internal HTTP/1.1"" pod=p04.la3.prod"
"1527113592000","05/24/2018 06:13:12.000 +0800","May 23 15:13:12 localhost haproxy[165974]: 155.201.150.20:54249 [23/May/2018:15:13:12.694] ft_lm_customer_ssl~ pwcmlp.logicmonitor.com/prod73.dc4.logicmonitor.net 59/0/0/30/89 200 163 - - ---- 297/297/0/1/0 0/0 {pwcmlp.logicmonitor.com|Mozilla/5.0 (Windows NT 10.0; WOW64; Trident/7.0; rv:11.0) like Gecko} ""POST /santaba/rest/recyclebin/recycles/batchrestore?_scope=internal HTTP/1.1"" pod=p07.dc4.prod"
"1527107344000","05/24/2018 04:29:04.000 +0800","May 23 13:29:04 localhost haproxy[40157]: 38.126.75.19:52598 [23/May/2018:13:29:04.023] ft_lm_customer_ssl~ nwea.logicmonitor.com/prod05.la3.logicmonitor.net 43/0/0/9/52 200 163 - - ---- 360/360/0/1/0 0/0 {nwea.logicmonitor.com|Mozilla/5.0 (Macintosh; Intel Mac OS X 10_12_6) AppleWebKit/537.36 (KHTML, like Gecko) Chrome/66.0.3359.181 Safari/537.36} ""POST /santaba/rest/recyclebin/recycles/batchrestore?_scope=internal HTTP/1.1"" pod=p01.la3.prod"
"1527100746000","05/24/2018 02:39:06.000 +0800","May 23 11:39:06 localhost haproxy[53646]: 155.201.42.38:6072 [23/May/2018:11:39:00.680] ft_lm_customer_ssl~ pwcahs.logicmonitor.com/prod41.la3.logicmonitor.net 5763/0/0/23/5786 200 163 - - ---- 511/511/0/1/0 0/0 {pwcahs.logicmonitor.com|Mozilla/5.0 (Windows NT 10.0; Win64; x64) AppleWebKit/537.36 (KHTML, like Gecko) Chrome/66.0.3359.181 Safari/537.36} ""POST /santaba/rest/recyclebin/recycles/batchrestore?_scope=internal HTTP/1.1"" pod=p04.la3.prod"
"1527098474000","05/24/2018 02:01:14.000 +0800","May 23 11:01:14 localhost haproxy[1821]: 162.228.241.47:31316 [23/May/2018:11:01:14.219] ft_lm_customer_ssl~ utgsolutions.logicmonitor.com/demo03.dc4.logicmonitor.net 125/0/0/12/137 200 163 - - ---- 230/230/0/1/0 0/0 {utgsolutions.logicmonitor.com|Mozilla/5.0 (Windows NT 10.0; Win64; x64; rv:60.0) Gecko/20100101 Firefox/60.0} ""POST /santaba/rest/recyclebin/recycles/batchrestore?_scope=internal HTTP/1.1"" pod=p01.dc4.demo"
"1527094023000","05/24/2018 00:47:03.000 +0800","May 23 09:47:03 localhost haproxy[179294]: 174.79.76.34:11358 [23/May/2018:09:46:58.729] ft_lm_customer_ssl~ advicent.logicmonitor.com/demo01.dc4.logicmonitor.net 4997/0/0/22/5019 200 163 - - ---- 249/249/0/1/0 0/0 {advicent.logicmonitor.com|Mozilla/5.0 (Macintosh; Intel Mac OS X 10_12_6) AppleWebKit/537.36 (KHTML, like Gecko) Chrome/66.0.3359.139 Safari/537.36} ""POST /santaba/rest/recyclebin/recycles/batchrestore?_scope=internal HTTP/1.1"" pod=p01.dc4.demo"
"1527090971000","05/23/2018 23:56:11.000 +0800","May 23 08:56:11 localhost haproxy[27386]: 24.106.254.106:57244 [23/May/2018:08:56:11.150] ft_lm_customer_ssl~ blackinkit.logicmonitor.com/prod14.la3.logicmonitor.net 67/0/0/27/94 200 163 - - ---- 453/453/0/1/0 0/0 {blackinkit.logicmonitor.com|Mozilla/5.0 (Windows NT 10.0; Win64; x64) AppleWebKit/537.36 (KHTML, like Gecko) Chrome/66.0.3359.181 Safari/537.36} ""POST /santaba/rest/recyclebin/recycles/batchrestore?_scope=internal HTTP/1.1"" pod=p01.la3.prod"
"1527090867000","05/23/2018 23:54:27.000 +0800","May 23 08:54:27 localhost haproxy[18862]: 174.215.1.224:10552 [23/May/2018:08:54:20.404] ft_lm_customer_ssl~ wbservices.logicmonitor.com/demo02.dc4.logicmonitor.net 7192/0/0/5/7197 200 163 - - ---- 229/229/0/1/0 0/0 {wbservices.logicmonitor.com|Mozilla/5.0 (Macintosh; Intel Mac OS X 10_13_4) AppleWebKit/537.36 (KHTML, like Gecko) Chrome/66.0.3359.139 Safari/537.36} ""POST /santaba/rest/recyclebin/recycles/batchrestore?_scope=internal HTTP/1.1"" pod=p01.dc4.demo"
"1527090098000","05/23/2018 23:41:38.000 +0800","May 23 08:41:38 localhost haproxy[23054]: 162.223.160.33:59291 [23/May/2018:08:41:37.484] ft_lm_customer_ssl~ pinnacol.logicmonitor.com/prod32.dc4.logicmonitor.net 905/0/0/9/914 200 163 - - ---- 203/203/0/1/0 0/0 {pinnacol.logicmonitor.com|Mozilla/5.0 (Windows NT 6.1; Win64; x64; rv:59.0) Gecko/20100101 Firefox/59.0} ""POST /santaba/rest/recyclebin/recycles/batchrestore?_scope=internal HTTP/1.1"" pod=p10.dc4.prod"
"1527088030000","05/23/2018 23:07:10.000 +0800","May 23 08:07:10 localhost haproxy[290242]: 192.146.7.2:17607 [23/May/2018:08:07:10.176] ft_lm_customer_ssl~ klatencor.logicmonitor.com/prod21.dc4.logicmonitor.net 529/0/1/4/534 200 163 - - ---- 259/259/0/1/0 0/0 {klatencor.logicmonitor.com|Mozilla/5.0 (Windows NT 6.1; Win64; x64) AppleWebKit/537.36 (KHTML, like Gecko) Chrome/66.0.3359.181 Safari/537.36} ""POST /santaba/rest/recyclebin/recycles/batchrestore?_scope=internal HTTP/1.1"" pod=p09.dc4.prod"
"1527087936000","05/23/2018 23:05:36.000 +0800","May 23 08:05:36 localhost haproxy[23056]: 65.121.186.254:26390 [23/May/2018:08:05:35.986] ft_lm_customer_ssl~ lhediscovery.logicmonitor.com/prod31.dc4.logicmonitor.net 266/0/0/20/286 200 163 - - ---- 205/205/0/1/0 0/0 {lhediscovery.logicmonitor.com|Mozilla/5.0 (Windows NT 6.1; Win64; x64) AppleWebKit/537.36 (KHTML, like Gecko) Chrome/66.0.3359.181 Safari/537.36} ""POST /santaba/rest/recyclebin/recycles/batchrestore?_scope=internal HTTP/1.1"" pod=p10.dc4.prod"
"1527086034000","05/23/2018 22:33:54.000 +0800","May 23 07:33:54 localhost haproxy[53042]: 87.237.218.162:30309 [23/May/2018:07:33:44.360] ft_lm_customer_ssl~ adidas.logicmonitor.com/prod12.ld5.logicmonitor.net 9672/0/0/8/9680 200 163 - - ---- 204/204/0/1/0 0/0 {adidas.logicmonitor.com|Mozilla/5.0 (Windows NT 10.0; Win64; x64) AppleWebKit/537.36 (KHTML, like Gecko) Chrome/64.0.3282.140 Safari/537.36} ""POST /santaba/rest/recyclebin/recycles/batchrestore?_scope=internal HTTP/1.1"" pod=p02.ld5.prod"
"1527085724000","05/23/2018 22:28:44.000 +0800","May 23 07:28:44 localhost haproxy[97578]: 208.94.138.240:63179 [23/May/2018:07:28:35.431] ft_lm_customer_ssl~ kayak.logicmonitor.com/prod06.dc4.logicmonitor.net 9539/0/0/11/9550 200 163 - - ---- 267/267/0/1/0 0/0 {kayak.logicmonitor.com|Mozilla/5.0 (Macintosh; Intel Mac OS X 10_13_3) AppleWebKit/537.36 (KHTML, like Gecko) Chrome/66.0.3359.181 Safari/537.36} ""POST /santaba/rest/recyclebin/recycles/batchrestore?_scope=internal HTTP/1.1"" pod=p05.dc7.prod"
"1527084345000","05/23/2018 22:05:45.000 +0800","May 23 07:05:45 localhost haproxy[43987]: 185.179.20.2:57763 [23/May/2018:07:05:42.806] ft_lm_customer_ssl~ lima.logicmonitor.com/prod22.ld5.logicmonitor.net 2307/0/0/19/2326 200 163 - - ---- 180/180/0/1/0 0/0 {lima.logicmonitor.com|Mozilla/5.0 (Windows NT 10.0; WOW64) AppleWebKit/537.36 (KHTML, like Gecko) Chrome/62.0.3202.89 Safari/537.36} ""POST /santaba/rest/recyclebin/recycles/batchrestore?_scope=internal HTTP/1.1"" pod=p03.ld5.prod"
"1527079842000","05/23/2018 20:50:42.000 +0800","May 23 05:50:42 localhost haproxy[53039]: 81.144.136.140:34059 [23/May/2018:05:50:36.359] ft_lm_customer_ssl~ udg.logicmonitor.com/prod18.ld5.logicmonitor.net 5757/0/0/12/5769 200 163 - - ---- 163/163/0/1/0 0/0 {udg.logicmonitor.com|Mozilla/5.0 (Windows NT 10.0; WOW64) AppleWebKit/537.36 (KHTML, like Gecko) Chrome/65.0.3325.162 Safari/537.36} ""POST /santaba/rest/recyclebin/recycles/batchrestore?_scope=internal HTTP/1.1"" pod=p02.ld5.prod"
"1527079409000","05/23/2018 20:43:29.000 +0800","May 23 05:43:29 localhost haproxy[15958]: 209.190.204.18:17251 [23/May/2018:05:43:19.364] ft_lm_customer_ssl~ linoweslaw.logicmonitor.com/prod80.dc4.logicmonitor.net 10246/0/0/13/10259 200 163 - - ---- 432/432/0/1/0 0/0 {linoweslaw.logicmonitor.com|Mozilla/5.0 (Windows NT 6.1; Win64; x64) AppleWebKit/537.36 (KHTML, like Gecko) Chrome/63.0.3239.132 Safari/537.36} ""POST /santaba/rest/recyclebin/recycles/batchrestore?_scope=internal HTTP/1.1"" pod=p06.dc7.prod"
"1527078546000","05/23/2018 20:29:06.000 +0800","May 23 05:29:06 localhost haproxy[271165]: 204.246.246.254:63396 [23/May/2018:05:29:04.214] ft_lm_customer_ssl~ careerbuilder.logicmonitor.com/prod18.dc4.logicmonitor.net 1966/0/0/4/1971 200 163 - - ---- 290/290/0/1/0 0/0 {careerbuilder.logicmonitor.com|Mozilla/5.0 (Windows NT 10.0; Win64; x64) AppleWebKit/537.36 (KHTML, like Gecko) Chrome/66.0.3359.181 Safari/537.36} ""POST /santaba/rest/recyclebin/recycles/batchrestore?_scope=internal HTTP/1.1"" pod=p09.dc4.prod"
"1527078529000","05/23/2018 20:28:49.000 +0800","May 23 05:28:49 localhost haproxy[271165]: 204.246.246.254:63396 [23/May/2018:05:28:42.091] ft_lm_customer_ssl~ careerbuilder.logicmonitor.com/prod18.dc4.logicmonitor.net 7114/0/0/4/7118 200 163 - - ---- 280/280/0/1/0 0/0 {careerbuilder.logicmonitor.com|Mozilla/5.0 (Windows NT 10.0; Win64; x64) AppleWebKit/537.36 (KHTML, like Gecko) Chrome/66.0.3359.181 Safari/537.36} ""POST /santaba/rest/recyclebin/recycles/batchrestore?_scope=internal HTTP/1.1"" pod=p09.dc4.prod"
"1527078378000","05/23/2018 20:26:18.000 +0800","May 23 05:26:18 localhost haproxy[271165]: 204.246.246.254:63396 [23/May/2018:05:26:09.173] ft_lm_customer_ssl~ careerbuilder.logicmonitor.com/prod18.dc4.logicmonitor.net 9696/0/0/7/9703 200 163 - - ---- 254/254/0/1/0 0/0 {careerbuilder.logicmonitor.com|Mozilla/5.0 (Windows NT 10.0; Win64; x64) AppleWebKit/537.36 (KHTML, like Gecko) Chrome/66.0.3359.181 Safari/537.36} ""POST /santaba/rest/recyclebin/recycles/batchrestore?_scope=internal HTTP/1.1"" pod=p09.dc4.prod"
"1527024297000","05/23/2018 05:24:57.000 +0800","May 22 14:24:57 localhost haproxy[2311]: 50.59.77.42:20890 [22/May/2018:14:24:51.484] ft_lm_customer_ssl~ lmboren.logicmonitor.com/santaba-i-0b41dd321295c22e5.us-west-1.logicmonitor.net 6097/0/0/6/6103 200 163 - - ---- 1013/1013/0/1/0 0/0 {lmboren.logicmonitor.com|Mozilla/5.0 (Macintosh; Intel Mac OS X 10_12_6) AppleWebKit/537.36 (KHTML, like Gecko) Chrome/66.0.3359.181 Safari/537.36} ""POST /santaba/rest/recyclebin/recycles/batchrestore?_scope=internal HTTP/1.1"" pod=p01.us-west-1.ng"
"1527022473000","05/23/2018 04:54:33.000 +0800","May 22 13:54:33 localhost haproxy[140792]: 216.84.166.198:28249 [22/May/2018:13:54:26.641] ft_lm_customer_ssl~ grantham.logicmonitor.com/prod76.dc4.logicmonitor.net 7339/0/0/13/7352 200 163 - - ---- 495/495/0/1/0 0/0 {grantham.logicmonitor.com|Mozilla/5.0 (Windows NT 10.0; Win64; x64) AppleWebKit/537.36 (KHTML, like Gecko) Chrome/66.0.3359.181 Safari/537.36} ""POST /santaba/rest/recyclebin/recycles/batchrestore?_scope=internal HTTP/1.1"" pod=p01.dc7.prod"
"1527018207000","05/23/2018 03:43:27.000 +0800","May 22 12:43:27 localhost haproxy[126121]: 74.221.188.99:58426 [22/May/2018:12:43:19.606] ft_lm_customer_ssl~ driventechnologies.logicmonitor.com/demo02.dc4.logicmonitor.net 8168/0/0/11/8179 200 163 - - ---- 248/248/0/1/0 0/0 {driventechnologies.logicmonito|Mozilla/5.0 (Macintosh; Intel Mac OS X 10_13_4) AppleWebKit/605.1.15 (KHTML, like Gecko) Version/11.1 Safari/605.1.15} ""POST /santaba/rest/recyclebin/recycles/batchrestore?_scope=internal HTTP/1.1"" pod=p01.dc4.demo"
"1527017597000","05/23/2018 03:33:17.000 +0800","May 22 12:33:17 localhost haproxy[8326]: 50.59.77.42:7119 [22/May/2018:12:33:11.188] ft_lm_customer_ssl~ lmboren.logicmonitor.com/santaba-i-0b41dd321295c22e5.us-west-1.logicmonitor.net 6719/0/0/41/6760 200 163 - - ---- 1004/1004/0/1/0 0/0 {lmboren.logicmonitor.com|Mozilla/5.0 (Macintosh; Intel Mac OS X 10_12_6) AppleWebKit/537.36 (KHTML, like Gecko) Chrome/66.0.3359.181 Safari/537.36} ""POST /santaba/rest/recyclebin/recycles/batchrestore?_scope=internal HTTP/1.1"" pod=p01.us-west-1.ng"
"1527013034000","05/23/2018 02:17:14.000 +0800","May 22 11:17:14 localhost haproxy[126117]: 66.175.147.4:36256 [22/May/2018:11:16:51.503] ft_lm_customer_ssl~ cspire.logicmonitor.com/demo02.dc4.logicmonitor.net 23327/0/0/7/23334 200 163 - - ---- 217/217/0/1/0 0/0 {cspire.logicmonitor.com|Mozilla/5.0 (Windows NT 10.0; Win64; x64) AppleWebKit/537.36 (KHTML, like Gecko) Chrome/66.0.3359.181 Safari/537.36} ""POST /santaba/rest/recyclebin/recycles/batchrestore?_scope=internal HTTP/1.1"" pod=p01.dc4.demo"
"1526997793000","05/22/2018 22:03:13.000 +0800","May 22 07:03:13 localhost haproxy[189724]: 87.237.218.162:30621 [22/May/2018:07:03:13.491] ft_lm_customer_ssl~ adidas.logicmonitor.com/prod12.ld5.logicmonitor.net 49/0/0/11/60 200 163 - - ---- 201/201/0/1/0 0/0 {adidas.logicmonitor.com|Mozilla/5.0 (Windows NT 10.0; Win64; x64) AppleWebKit/537.36 (KHTML, like Gecko) Chrome/64.0.3282.140 Safari/537.36} ""POST /santaba/rest/recyclebin/recycles/batchrestore?_scope=internal HTTP/1.1"" pod=p02.ld5.prod"
"1526980490000","05/22/2018 17:14:50.000 +0800","May 22 02:14:50 localhost haproxy[271165]: 182.75.26.194:63425 [22/May/2018:02:14:36.666] ft_lm_customer_ssl~ livevox.logicmonitor.com/prod21.dc4.logicmonitor.net 14260/0/0/11/14271 200 163 - - ---- 286/286/1/2/0 0/0 {livevox.logicmonitor.com|Mozilla/5.0 (Windows NT 10.0; Win64; x64; rv:60.0) Gecko/20100101 Firefox/60.0} ""POST /santaba/rest/recyclebin/recycles/batchrestore?_scope=internal HTTP/1.1"" pod=p09.dc4.prod"
"1526963001000","05/22/2018 12:23:21.000 +0800","May 21 21:23:21 localhost haproxy[19286]: 74.201.65.12:11572 [21/May/2018:21:23:21.133] ft_lm_customer_ssl~ qapr.logicmonitor.com/santaba-i-065bdacab7f51dffb.us-west-1.logicmonitor.net 192/0/0/17/209 200 195 - - ---- 15/15/0/1/0 0/0 {qapr.logicmonitor.com|Mozilla/5.0 (Macintosh; Intel Mac OS X 10_12_6) AppleWebKit/537.36 (KHTML, like Gecko) Chrome/66.0.3359.181 Safari/537.36} ""POST /santaba/rest/recyclebin/recycles/batchrestore?_scope=internal HTTP/1.1"" pod=p01.us-west-1.qa"
"1526962791000","05/22/2018 12:19:51.000 +0800","May 21 21:19:51 localhost haproxy[11596]: 74.201.65.12:26852 [21/May/2018:21:19:50.910] ft_lm_customer_ssl~ qapr.logicmonitor.com/santaba-i-065bdacab7f51dffb.us-west-1.logicmonitor.net 208/0/0/25/233 200 195 - - ---- 31/31/0/1/0 0/0 {qapr.logicmonitor.com|Mozilla/5.0 (Macintosh; Intel Mac OS X 10_12_6) AppleWebKit/537.36 (KHTML, like Gecko) Chrome/66.0.3359.181 Safari/537.36} ""POST /santaba/rest/recyclebin/recycles/batchrestore?_scope=internal HTTP/1.1"" pod=p01.us-west-1.qa"
"1526958257000","05/22/2018 11:04:17.000 +0800","May 21 20:04:17 localhost haproxy[78414]: 73.181.28.13:63372 [21/May/2018:20:04:16.653] ft_lm_customer_ssl~ eplexity.logicmonitor.com/prod05.dc4.logicmonitor.net 544/0/0/28/572 200 163 - - ---- 319/319/0/1/0 0/0 {eplexity.logicmonitor.com|Mozilla/5.0 (Windows NT 10.0; Win64; x64) AppleWebKit/537.36 (KHTML, like Gecko) Chrome/66.0.3359.181 Safari/537.36} ""POST /santaba/rest/recyclebin/recycles/batchrestore?_scope=internal HTTP/1.1"" pod=p07.dc4.prod"
"1526934248000","05/22/2018 04:24:08.000 +0800","May 21 13:24:08 localhost haproxy[134358]: 76.176.169.165:55618 [21/May/2018:13:23:58.669] ft_lm_customer_ssl~ logmein.logicmonitor.com/demo02.dc4.logicmonitor.net 9372/0/0/21/9393 200 163 - - ---- 204/204/0/1/0 0/0 {logmein.logicmonitor.com|Mozilla/5.0 (Macintosh; Intel Mac OS X 10_10_5) AppleWebKit/537.36 (KHTML, like Gecko) Chrome/66.0.3359.139 Safari/537.36} ""POST /santaba/rest/recyclebin/recycles/batchrestore?_scope=internal HTTP/1.1"" pod=p01.dc4.demo"
"1526926115000","05/22/2018 02:08:35.000 +0800","May 21 11:08:35 localhost haproxy[116777]: 104.201.86.186:2201 [21/May/2018:11:08:28.626] ft_lm_customer_ssl~ polywood.logicmonitor.com/prod82.dc4.logicmonitor.net 6888/0/0/19/6907 200 163 - - ---- 390/390/0/1/0 0/0 {polywood.logicmonitor.com|Mozilla/5.0 (Windows NT 10.0; Win64; x64) AppleWebKit/537.36 (KHTML, like Gecko) Chrome/66.0.3359.181 Safari/537.36} ""POST /santaba/rest/recyclebin/recycles/batchrestore?_scope=internal HTTP/1.1"" pod=p08.dc4.prod"
"1526912710000","05/21/2018 22:25:10.000 +0800","May 21 07:25:10 localhost haproxy[134792]: 76.9.20.138:38268 [21/May/2018:07:25:05.857] ft_lm_customer_ssl~ neutralnoc.logicmonitor.com/prod38.dc4.logicmonitor.net 4749/0/0/11/4760 200 163 - - ---- 405/405/0/1/0 0/0 {neutralnoc.logicmonitor.com|Mozilla/5.0 (Windows NT 10.0; Win64; x64) AppleWebKit/537.36 (KHTML, like Gecko) Chrome/66.0.3359.181 Safari/537.36} ""POST /santaba/rest/recyclebin/recycles/batchrestore?_scope=internal HTTP/1.1"" pod=p12.dc4.prod"
"1526867471000","05/21/2018 09:51:11.000 +0800","May 20 18:51:11 localhost haproxy[53709]: 12.208.3.140:18546 [20/May/2018:18:51:06.534] ft_lm_customer_ssl~ mutualink.logicmonitor.com/prod21.la3.logicmonitor.net 4592/0/0/21/4613 200 163 - - ---- 310/310/0/1/0 0/0 {mutualink.logicmonitor.com|Mozilla/5.0 (Windows NT 10.0; Win64; x64; rv:60.0) Gecko/20100101 Firefox/60.0} ""POST /santaba/rest/recyclebin/recycles/batchrestore?_scope=internal HTTP/1.1"" pod=p03.la3.prod"
"1526797106000","05/20/2018 14:18:26.000 +0800","May 19 23:18:26 localhost haproxy[23650]: 76.20.218.208:30307 [19/May/2018:23:18:23.970] ft_lm_customer_ssl~ lumecloud.logicmonitor.com/prod40.la3.logicmonitor.net 2290/0/0/13/2303 200 163 - - ---- 508/508/0/1/0 0/0 {lumecloud.logicmonitor.com|Mozilla/5.0 (Windows NT 10.0; Win64; x64) AppleWebKit/537.36 (KHTML, like Gecko) Chrome/66.0.3359.181 Safari/537.36} ""POST /santaba/rest/recyclebin/recycles/batchrestore?_scope=internal HTTP/1.1"" pod=p04.la3.prod"
"1526770213000","05/20/2018 06:50:13.000 +0800","May 19 15:50:13 localhost haproxy[134465]: 38.99.42.194:21528 [19/May/2018:15:50:08.091] ft_lm_customer_ssl~ centerednetworks.logicmonitor.com/prod31.la3.logicmonitor.net 5749/0/0/23/5772 200 163 - - ---- 530/530/0/1/0 0/0 {centerednetworks.logicmonitor.|Mozilla/5.0 (Windows NT 10.0; Win64; x64) AppleWebKit/537.36 (KHTML, like Gecko) Chrome/66.0.3359.181 Safari/537.36} ""POST /santaba/rest/recyclebin/recycles/batchrestore?_scope=internal HTTP/1.1"" pod=p02.la3.prod"
"1526755189000","05/20/2018 02:39:49.000 +0800","May 19 11:39:49 localhost haproxy[78406]: 73.181.28.13:50021 [19/May/2018:11:39:49.150] ft_lm_customer_ssl~ eplexity.logicmonitor.com/prod05.dc4.logicmonitor.net 73/0/0/13/86 200 163 - - ---- 345/345/0/1/0 0/0 {eplexity.logicmonitor.com|Mozilla/5.0 (Windows NT 10.0; Win64; x64) AppleWebKit/537.36 (KHTML, like Gecko) Chrome/66.0.3359.181 Safari/537.36} ""POST /santaba/rest/recyclebin/recycles/batchrestore?_scope=internal HTTP/1.1"" pod=p07.dc4.prod"
"1526687543000","05/19/2018 07:52:23.000 +0800","May 18 16:52:23 localhost haproxy[53713]: 73.217.70.14:62286 [18/May/2018:16:52:21.117] ft_lm_customer_ssl~ longview.logicmonitor.com/prod36.la3.logicmonitor.net 2218/0/0/15/2233 200 163 - - ---- 332/332/0/1/0 0/0 {longview.logicmonitor.com|Mozilla/5.0 (Windows NT 10.0; Win64; x64) AppleWebKit/537.36 (KHTML, like Gecko) Chrome/66.0.3359.181 Safari/537.36} ""POST /santaba/rest/recyclebin/recycles/batchrestore?_scope=internal HTTP/1.1"" pod=p03.la3.prod"
"1526670468000","05/19/2018 03:07:48.000 +0800","May 18 12:07:48 localhost haproxy[116774]: 209.97.235.66:56404 [18/May/2018:12:07:47.956] ft_lm_customer_ssl~ daxko.logicmonitor.com/prod82.dc4.logicmonitor.net 57/0/0/11/68 200 163 - - ---- 366/366/0/1/0 0/0 {daxko.logicmonitor.com|Mozilla/5.0 (Macintosh; Intel Mac OS X 10_13_4) AppleWebKit/537.36 (KHTML, like Gecko) Chrome/66.0.3359.117 Safari/537.36} ""POST /santaba/rest/recyclebin/recycles/batchrestore?_scope=internal HTTP/1.1"" pod=p08.dc4.prod"
"1526661695000","05/19/2018 00:41:35.000 +0800","May 18 09:41:35 localhost haproxy[155776]: 24.255.161.153:49891 [18/May/2018:09:41:35.134] ft_lm_customer_ssl~ optiv.logicmonitor.com/demo02.dc4.logicmonitor.net 79/0/0/6/85 200 163 - - ---- 202/202/0/1/0 0/0 {optiv.logicmonitor.com|Mozilla/5.0 (Windows NT 6.1; Win64; x64) AppleWebKit/537.36 (KHTML, like Gecko) Chrome/66.0.3359.181 Safari/537.36} ""POST /santaba/rest/recyclebin/recycles/batchrestore?_scope=internal HTTP/1.1"" pod=p01.dc4.demo"
"1526658873000","05/18/2018 23:54:33.000 +0800","May 18 08:54:33 localhost haproxy[186037]: 24.255.161.153:55502 [18/May/2018:08:54:27.983] ft_lm_customer_ssl~ optiv.logicmonitor.com/demo02.dc4.logicmonitor.net 5128/0/0/5/5133 200 163 - - ---- 223/223/0/1/0 0/0 {optiv.logicmonitor.com|Mozilla/5.0 (Windows NT 6.1; Win64; x64) AppleWebKit/537.36 (KHTML, like Gecko) Chrome/66.0.3359.181 Safari/537.36} ""POST /santaba/rest/recyclebin/recycles/batchrestore?_scope=internal HTTP/1.1"" pod=p01.dc4.demo"
"1526658824000","05/18/2018 23:53:44.000 +0800","May 18 08:53:44 localhost haproxy[186037]: 24.255.161.153:55502 [18/May/2018:08:53:41.687] ft_lm_customer_ssl~ optiv.logicmonitor.com/demo02.dc4.logicmonitor.net 2819/0/0/17/2836 200 163 - - ---- 216/216/0/1/0 0/0 {optiv.logicmonitor.com|Mozilla/5.0 (Windows NT 6.1; Win64; x64) AppleWebKit/537.36 (KHTML, like Gecko) Chrome/66.0.3359.181 Safari/537.36} ""POST /santaba/rest/recyclebin/recycles/batchrestore?_scope=internal HTTP/1.1"" pod=p01.dc4.demo"
"1526594264000","05/18/2018 05:57:44.000 +0800","May 17 14:57:44 localhost haproxy[6328]: 71.233.112.110:62161 [17/May/2018:14:57:34.995] ft_lm_customer_ssl~ roundtowersandbox.logicmonitor.com/santaba-i-0fe6dadae0664de00.us-west-1.logicmonitor.net 9959/0/0/13/9972 200 163 - - ---- 1038/1038/0/1/0 0/0 {roundtowersandbox.logicmonitor|Mozilla/5.0 (Windows NT 10.0; Win64; x64; rv:59.0) Gecko/20100101 Firefox/59.0} ""POST /santaba/rest/recyclebin/recycles/batchrestore?_scope=internal HTTP/1.1"" pod=p01.us-west-1.ng"
"1526590390000","05/18/2018 04:53:10.000 +0800","May 17 13:53:10 localhost haproxy[65228]: 107.185.43.189:61362 [17/May/2018:13:52:59.348] ft_lm_customer_ssl~ tbsfactoring.logicmonitor.com/demo03.dc4.logicmonitor.net 10799/0/0/6/10805 200 163 - - ---- 252/252/0/1/0 0/0 {tbsfactoring.logicmonitor.com|Mozilla/5.0 (Windows NT 10.0; Win64; x64) AppleWebKit/537.36 (KHTML, like Gecko) Chrome/66.0.3359.139 Safari/537.36} ""POST /santaba/rest/recyclebin/recycles/batchrestore?_scope=internal HTTP/1.1"" pod=p01.dc4.demo"
"1526588221000","05/18/2018 04:17:01.000 +0800","May 17 13:17:01 localhost haproxy[92894]: 192.214.105.149:24983 [17/May/2018:13:17:00.800] ft_lm_customer_ssl~ lumecloud.logicmonitor.com/prod40.la3.logicmonitor.net 232/0/0/61/293 200 163 - - ---- 575/575/0/1/0 0/0 {lumecloud.logicmonitor.com|Mozilla/5.0 (Windows NT 10.0; Win64; x64) AppleWebKit/537.36 (KHTML, like Gecko) Chrome/66.0.3359.181 Safari/537.36} ""POST /santaba/rest/recyclebin/recycles/batchrestore?_scope=internal HTTP/1.1"" pod=p04.la3.prod"
"1526578663000","05/18/2018 01:37:43.000 +0800","May 17 10:37:43 localhost haproxy[151938]: 73.72.117.57:59307 [17/May/2018:10:37:43.022] ft_lm_customer_ssl~ scaleddata.logicmonitor.com/prod81.dc4.logicmonitor.net 54/0/0/6/60 200 163 - - ---- 355/355/0/1/0 0/0 {scaleddata.logicmonitor.com|Mozilla/5.0 (Windows NT 10.0; Win64; x64) AppleWebKit/537.36 (KHTML, like Gecko) Chrome/66.0.3359.181 Safari/537.36} ""POST /santaba/rest/recyclebin/recycles/batchrestore?_scope=internal HTTP/1.1"" pod=p08.dc4.prod"
"1526569686000","05/17/2018 23:08:06.000 +0800","May 17 08:08:06 localhost haproxy[162671]: 47.48.201.82:62046 [17/May/2018:08:07:55.875] ft_lm_customer_ssl~ utgsolutions.logicmonitor.com/demo03.dc4.logicmonitor.net 10209/0/0/8/10217 200 163 - - ---- 234/234/0/1/0 0/0 {utgsolutions.logicmonitor.com|Mozilla/5.0 (Windows NT 10.0; Win64; x64) AppleWebKit/537.36 (KHTML, like Gecko) Chrome/66.0.3359.181 Safari/537.36} ""POST /santaba/rest/recyclebin/recycles/batchrestore?_scope=internal HTTP/1.1"" pod=p01.dc4.demo"
"1526561064000","05/17/2018 20:44:24.000 +0800","May 17 05:44:24 localhost haproxy[112130]: 62.254.171.129:3125 [17/May/2018:05:44:24.907] ft_lm_customer_ssl~ udg.logicmonitor.com/prod18.ld5.logicmonitor.net 41/0/0/13/54 200 163 - - ---- 174/174/0/1/0 0/0 {udg.logicmonitor.com|Mozilla/5.0 (Windows NT 10.0; Win64; x64; rv:59.0) Gecko/20100101 Firefox/59.0} ""POST /santaba/rest/recyclebin/recycles/batchrestore?_scope=internal HTTP/1.1"" pod=p02.ld5.prod"
"1526556580000","05/17/2018 19:29:40.000 +0800","May 17 04:29:40 localhost haproxy[296891]: 41.160.243.66:5518 [17/May/2018:04:29:39.826] ft_lm_customer_ssl~ structureit.logicmonitor.com/prod13.dc4.logicmonitor.net 261/0/0/7/268 200 163 - - ---- 302/302/0/1/0 0/0 {structureit.logicmonitor.com|Mozilla/5.0 (X11; Linux x86_64) AppleWebKit/537.36 (KHTML, like Gecko) Chrome/65.0.3325.162 Safari/537.36} ""POST /santaba/rest/recyclebin/recycles/batchrestore?_scope=internal HTTP/1.1"" pod=p02.dc7.prod"
"1526551923000","05/17/2018 18:12:03.000 +0800","May 17 03:12:03 localhost haproxy[15118]: 69.171.66.131:53497 [17/May/2018:03:12:03.509] ft_lm_customer_ssl~ qapr.logicmonitor.com/santaba-i-065bdacab7f51dffb.us-west-1.logicmonitor.net 213/0/0/28/241 200 163 - - ---- 47/47/1/2/0 0/0 {qapr.logicmonitor.com|Mozilla/5.0 (Macintosh; Intel Mac OS X 10_12_6) AppleWebKit/537.36 (KHTML, like Gecko) Chrome/66.0.3359.139 Safari/537.36} ""POST /santaba/rest/recyclebin/recycles/batchrestore?_scope=internal HTTP/1.1"" pod=p01.us-west-1.qa"
"1526545518000","05/17/2018 16:25:18.000 +0800","May 17 01:25:18 localhost haproxy[108691]: 83.70.148.193:40185 [17/May/2018:01:25:13.042] ft_lm_customer_ssl~ zdsys.logicmonitor.com/prod38.dc4.logicmonitor.net 5433/0/0/8/5441 200 163 - - ---- 395/395/0/1/0 0/0 {zdsys.logicmonitor.com|Mozilla/5.0 (Macintosh; Intel Mac OS X 10_11_6) AppleWebKit/537.36 (KHTML, like Gecko) Chrome/66.0.3359.139 Safari/537.36} ""POST /santaba/rest/recyclebin/recycles/batchrestore?_scope=internal HTTP/1.1"" pod=p12.dc4.prod"
"1526520079000","05/17/2018 09:21:19.000 +0800","May 16 18:21:19 localhost haproxy[40075]: 203.28.63.1:62934 [16/May/2018:18:21:10.514] ft_lm_customer_ssl~ officeworks.logicmonitor.com/demo02.dc4.logicmonitor.net 9051/0/0/5/9056 200 163 - - ---- 211/211/0/1/0 0/0 {officeworks.logicmonitor.com|Mozilla/5.0 (Windows NT 10.0; Win64; x64) AppleWebKit/537.36 (KHTML, like Gecko) Chrome/66.0.3359.181 Safari/537.36} ""POST /santaba/rest/recyclebin/recycles/batchrestore?_scope=internal HTTP/1.1"" pod=p01.dc4.demo"
"1526503894000","05/17/2018 04:51:34.000 +0800","May 16 13:51:34 localhost haproxy[6638]: 199.76.75.253:50720 [16/May/2018:13:51:33.868] ft_lm_customer_ssl~ readypac.logicmonitor.com/prod05.dc4.logicmonitor.net 121/0/0/116/237 200 163 - - ---- 332/332/0/1/0 0/0 {readypac.logicmonitor.com|Mozilla/5.0 (Macintosh; Intel Mac OS X 10_13_4) AppleWebKit/537.36 (KHTML, like Gecko) Chrome/66.0.3359.170 Safari/537.36} ""POST /santaba/rest/recyclebin/recycles/batchrestore?_scope=internal HTTP/1.1"" pod=p07.dc4.prod"
"1526500058000","05/17/2018 03:47:38.000 +0800","May 16 12:47:38 localhost haproxy[112215]: 73.72.117.57:49227 [16/May/2018:12:47:38.365] ft_lm_customer_ssl~ scaleddata.logicmonitor.com/prod81.dc4.logicmonitor.net 51/0/0/20/71 200 163 - - ---- 341/341/0/1/0 0/0 {scaleddata.logicmonitor.com|Mozilla/5.0 (Windows NT 10.0; Win64; x64) AppleWebKit/537.36 (KHTML, like Gecko) Chrome/66.0.3359.139 Safari/537.36} ""POST /santaba/rest/recyclebin/recycles/batchrestore?_scope=internal HTTP/1.1"" pod=p08.dc4.prod"
"1526487393000","05/17/2018 00:16:33.000 +0800","May 16 09:16:33 localhost haproxy[185994]: 65.121.186.254:34104 [16/May/2018:09:16:33.089] ft_lm_customer_ssl~ lhediscovery.logicmonitor.com/prod31.dc4.logicmonitor.net 85/0/0/8/93 200 163 - - ---- 215/215/0/1/0 0/0 {lhediscovery.logicmonitor.com|Mozilla/5.0 (Windows NT 6.1; Win64; x64) AppleWebKit/537.36 (KHTML, like Gecko) Chrome/66.0.3359.181 Safari/537.36} ""POST /santaba/rest/recyclebin/recycles/batchrestore?_scope=internal HTTP/1.1"" pod=p10.dc4.prod"
"1526481986000","05/16/2018 22:46:26.000 +0800","May 16 07:46:26 localhost haproxy[90193]: 99.34.29.225:50535 [16/May/2018:07:46:16.986] ft_lm_customer_ssl~ semaphoreco.logicmonitor.com/demo01.dc4.logicmonitor.net 9033/0/0/5/9038 200 163 - - ---- 228/228/0/1/0 0/0 {semaphoreco.logicmonitor.com|Mozilla/5.0 (Windows NT 10.0; Win64; x64; rv:60.0) Gecko/20100101 Firefox/60.0} ""POST /santaba/rest/recyclebin/recycles/batchrestore?_scope=internal HTTP/1.1"" pod=p01.dc4.demo"
"1526481541000","05/16/2018 22:39:01.000 +0800","May 16 07:39:01 localhost haproxy[108690]: 63.239.150.254:52688 [16/May/2018:07:38:53.652] ft_lm_customer_ssl~ lewan.logicmonitor.com/prod39.dc4.logicmonitor.net 7397/0/0/5/7402 200 163 - - ---- 405/405/1/2/0 0/0 {lewan.logicmonitor.com|Mozilla/5.0 (Windows NT 10.0; Win64; x64) AppleWebKit/537.36 (KHTML, like Gecko) Chrome/66.0.3359.181 Safari/537.36} ""POST /santaba/rest/recyclebin/recycles/batchrestore?_scope=internal HTTP/1.1"" pod=p12.dc4.prod"
"1526468044000","05/16/2018 18:54:04.000 +0800","May 16 03:54:04 localhost haproxy[192367]: 185.12.194.14:54359 [16/May/2018:03:54:00.701] ft_lm_customer_ssl~ ans.logicmonitor.com/prod11.ld5.logicmonitor.net 3983/0/0/26/4009 200 163 - - ---- 372/372/1/2/0 0/0 {ans.logicmonitor.com|Mozilla/5.0 (Windows NT 10.0; Win64; x64) AppleWebKit/537.36 (KHTML, like Gecko) Chrome/66.0.3359.181 Safari/537.36} ""POST /santaba/rest/recyclebin/recycles/batchrestore?_scope=internal HTTP/1.1"" pod=p01.ld5.prod"
"1526441380000","05/16/2018 11:29:40.000 +0800","May 15 20:29:40 localhost haproxy[73826]: 68.6.75.223:59597 [15/May/2018:20:29:33.266] ft_lm_customer_ssl~ wbservices.logicmonitor.com/demo02.dc4.logicmonitor.net 6768/0/0/5/6773 200 163 - - ---- 230/230/0/1/0 0/0 {wbservices.logicmonitor.com|Mozilla/5.0 (Macintosh; Intel Mac OS X 10_13_4) AppleWebKit/537.36 (KHTML, like Gecko) Chrome/66.0.3359.139 Safari/537.36} ""POST /santaba/rest/recyclebin/recycles/batchrestore?_scope=internal HTTP/1.1"" pod=p01.dc4.demo"
"1526439305000","05/16/2018 10:55:05.000 +0800","May 15 19:55:05 localhost haproxy[77587]: 203.28.63.1:51176 [15/May/2018:19:55:01.192] ft_lm_customer_ssl~ officeworks.logicmonitor.com/demo02.dc4.logicmonitor.net 4687/0/0/6/4693 200 163 - - ---- 235/235/0/1/0 0/0 {officeworks.logicmonitor.com|Mozilla/5.0 (Windows NT 10.0; Win64; x64) AppleWebKit/537.36 (KHTML, like Gecko) Chrome/66.0.3359.139 Safari/537.36} ""POST /santaba/rest/recyclebin/recycles/batchrestore?_scope=internal HTTP/1.1"" pod=p01.dc4.demo"
"1526413564000","05/16/2018 03:46:04.000 +0800","May 15 12:46:04 localhost haproxy[156066]: 69.46.227.226:2361 [15/May/2018:12:46:04.380] ft_lm_customer_ssl~ qaprwayfair.logicmonitor.com/demo03.dc4.logicmonitor.net 24/0/0/12/36 200 163 - - ---- 214/214/0/1/0 0/0 {qaprwayfair.logicmonitor.com|Mozilla/5.0 (Windows NT 10.0; Win64; x64) AppleWebKit/537.36 (KHTML, like Gecko) Chrome/66.0.3359.139 Safari/537.36} ""POST /santaba/rest/recyclebin/recycles/batchrestore?_scope=internal HTTP/1.1"" pod=p01.dc4.demo"
"1526398639000","05/15/2018 23:37:19.000 +0800","May 15 08:37:19 localhost haproxy[151943]: 174.77.146.2:63189 [15/May/2018:08:37:16.268] ft_lm_customer_ssl~ agio.logicmonitor.com/prod81.dc4.logicmonitor.net 3278/0/0/7/3285 200 163 - - ---- 377/377/0/1/0 0/0 {agio.logicmonitor.com|Mozilla/5.0 (Windows NT 10.0; Win64; x64) AppleWebKit/537.36 (KHTML, like Gecko) Chrome/66.0.3359.139 Safari/537.36} ""POST /santaba/rest/recyclebin/recycles/batchrestore?_scope=internal HTTP/1.1"" pod=p08.dc4.prod"
"1526390782000","05/15/2018 21:26:22.000 +0800","May 15 06:26:22 localhost haproxy[296886]: 107.146.172.68:58132 [15/May/2018:06:26:18.069] ft_lm_customer_ssl~ teklinks.logicmonitor.com/prod14.dc4.logicmonitor.net 4764/0/0/16/4780 200 163 - - ---- 338/338/1/2/0 0/0 {teklinks.logicmonitor.com|Mozilla/5.0 (Macintosh; Intel Mac OS X 10_13_4) AppleWebKit/605.1.15 (KHTML, like Gecko) Version/11.1 Safari/605.1.15} ""POST /santaba/rest/recyclebin/recycles/batchrestore?_scope=internal HTTP/1.1"" pod=p02.dc7.prod"
"1526389797000","05/15/2018 21:09:57.000 +0800","May 15 06:09:57 localhost haproxy[151103]: 12.222.130.66:52726 [15/May/2018:06:09:57.265] ft_lm_customer_ssl~ mercurygate.logicmonitor.com/prod77.dc4.logicmonitor.net 14/0/0/4/18 200 163 - - ---- 569/569/0/1/0 0/0 {mercurygate.logicmonitor.com|Mozilla/5.0 (X11; Fedora; Linux x86_64) AppleWebKit/537.36 (KHTML, like Gecko) Chrome/56.0.2924.87 Safari/537.36} ""POST /santaba/rest/recyclebin/recycles/batchrestore?_scope=internal HTTP/1.1"" pod=p01.dc7.prod"
"1526372410000","05/15/2018 16:20:10.000 +0800","May 15 01:20:10 localhost haproxy[55799]: 213.1.220.130:61892 [15/May/2018:01:20:03.422] ft_lm_customer_ssl~ bloomsbury.logicmonitor.com/prod02.ld5.logicmonitor.net 6888/0/0/21/6909 200 163 - - ---- 242/242/0/1/0 0/0 {bloomsbury.logicmonitor.com|Mozilla/5.0 (Windows NT 10.0; Win64; x64) AppleWebKit/537.36 (KHTML, like Gecko) Chrome/66.0.3359.139 Safari/537.36} ""POST /santaba/rest/recyclebin/recycles/batchrestore?_scope=internal HTTP/1.1"" pod=p01.ld5.prod"
"1526366559000","05/15/2018 14:42:39.000 +0800","May 14 23:42:39 localhost haproxy[68707]: 202.173.25.1:51453 [14/May/2018:23:42:39.463] ft_lm_customer_ssl~ citrix.logicmonitor.com/prod38.la3.logicmonitor.net 264/0/0/15/279 200 163 - - ---- 511/511/0/1/0 0/0 {citrix.logicmonitor.com|Mozilla/5.0 (Macintosh; Intel Mac OS X 10_12_6) AppleWebKit/537.36 (KHTML, like Gecko) Chrome/66.0.3359.170 Safari/537.36} ""POST /santaba/rest/recyclebin/recycles/batchrestore?_scope=internal HTTP/1.1"" pod=p04.la3.prod"
"1526365804000","05/15/2018 14:30:04.000 +0800","May 14 23:30:04 localhost haproxy[155519]: 109.234.242.6:9940 [14/May/2018:23:30:04.863] ft_lm_customer_ssl~ itaito.logicmonitor.com/prod14.ld5.logicmonitor.net 34/0/0/7/41 200 163 - - ---- 218/218/0/1/0 0/0 {itaito.logicmonitor.com|Mozilla/5.0 (Windows NT 10.0; Win64; x64) AppleWebKit/537.36 (KHTML, like Gecko) Chrome/66.0.3359.139 Safari/537.36} ""POST /santaba/rest/recyclebin/recycles/batchrestore?_scope=internal HTTP/1.1"" pod=p02.ld5.prod"
"1526363452000","05/15/2018 13:50:52.000 +0800","May 14 22:50:52 localhost haproxy[112216]: 111.93.128.50:60738 [14/May/2018:22:50:49.920] ft_lm_customer_ssl~ agio.logicmonitor.com/prod81.dc4.logicmonitor.net 2622/0/0/15/2637 200 163 - - ---- 370/370/0/1/0 0/0 {agio.logicmonitor.com|Mozilla/5.0 (Windows NT 6.3; Win64; x64) AppleWebKit/537.36 (KHTML, like Gecko) Chrome/66.0.3359.139 Safari/537.36} ""POST /santaba/rest/recyclebin/recycles/batchrestore?_scope=internal HTTP/1.1"" pod=p08.dc4.prod"
"1526355714000","05/15/2018 11:41:54.000 +0800","May 14 20:41:54 localhost haproxy[17977]: 50.82.95.170:51104 [14/May/2018:20:41:54.614] ft_lm_customer_ssl~ imtins.logicmonitor.com/prod05.la3.logicmonitor.net 77/0/0/7/84 200 163 - - ---- 362/362/0/1/0 0/0 {imtins.logicmonitor.com|Mozilla/5.0 (Macintosh; Intel Mac OS X 10_13_4) AppleWebKit/537.36 (KHTML, like Gecko) Chrome/66.0.3359.170 Safari/537.36} ""POST /santaba/rest/recyclebin/recycles/batchrestore?_scope=internal HTTP/1.1"" pod=p01.la3.prod"
"1526343074000","05/15/2018 08:11:14.000 +0800","May 14 17:11:14 localhost haproxy[68710]: 207.154.78.207:65005 [14/May/2018:17:11:11.212] ft_lm_customer_ssl~ impulse.logicmonitor.com/prod38.la3.logicmonitor.net 3387/0/0/42/3429 200 163 - - ---- 500/500/0/1/0 0/0 {impulse.logicmonitor.com|Mozilla/5.0 (Macintosh; Intel Mac OS X 10_13_4) AppleWebKit/537.36 (KHTML, like Gecko) Chrome/66.0.3359.139 Safari/537.36} ""POST /santaba/rest/recyclebin/recycles/batchrestore?_scope=internal HTTP/1.1"" pod=p04.la3.prod"
"1526327185000","05/15/2018 03:46:25.000 +0800","May 14 12:46:25 localhost haproxy[97577]: 208.94.138.240:56943 [14/May/2018:12:46:25.739] ft_lm_customer_ssl~ kayak.logicmonitor.com/prod06.dc4.logicmonitor.net 28/0/0/6/34 200 163 - - ---- 241/241/0/1/0 0/0 {kayak.logicmonitor.com|Mozilla/5.0 (Macintosh; Intel Mac OS X 10_13_3) AppleWebKit/537.36 (KHTML, like Gecko) Chrome/66.0.3359.139 Safari/537.36} ""POST /santaba/rest/recyclebin/recycles/batchrestore?_scope=internal HTTP/1.1"" pod=p05.dc7.prod"
"1526320048000","05/15/2018 01:47:28.000 +0800","May 14 10:47:28 localhost haproxy[147491]: 182.75.210.2:60400 [14/May/2018:10:47:25.844] ft_lm_customer_ssl~ smartshift.logicmonitor.com/prod43.la3.logicmonitor.net 3014/0/0/5/3019 200 163 - - ---- 539/539/0/1/0 0/0 {smartshift.logicmonitor.com|Mozilla/5.0 (Windows NT 6.3; Win64; x64) AppleWebKit/537.36 (KHTML, like Gecko) Chrome/66.0.3359.170 Safari/537.36} ""POST /santaba/rest/recyclebin/recycles/batchrestore?_scope=internal HTTP/1.1"" pod=p05.la3.prod"
"1526307548000","05/14/2018 22:19:08.000 +0800","May 14 07:19:08 localhost haproxy[147489]: 8.224.11.215:53846 [14/May/2018:07:18:51.344] ft_lm_customer_ssl~ symquest.logicmonitor.com/prod45.la3.logicmonitor.net 17517/0/0/8/17525 200 163 - - ---- 557/557/0/1/0 0/0 {symquest.logicmonitor.com|Mozilla/5.0 (Windows NT 6.1; Win64; x64) AppleWebKit/537.36 (KHTML, like Gecko) Chrome/66.0.3359.139 Safari/537.36} ""POST /santaba/rest/recyclebin/recycles/batchrestore?_scope=internal HTTP/1.1"" pod=p05.la3.prod"
"1526171168000","05/13/2018 08:26:08.000 +0800","May 12 17:26:08 localhost haproxy[5854]: 50.82.95.170:59259 [12/May/2018:17:26:04.262] ft_lm_customer_ssl~ imtins.logicmonitor.com/prod05.la3.logicmonitor.net 4505/0/0/11/4516 200 163 - - ---- 434/434/0/1/0 0/0 {imtins.logicmonitor.com|Mozilla/5.0 (Macintosh; Intel Mac OS X 10_13_4) AppleWebKit/537.36 (KHTML, like Gecko) Chrome/66.0.3359.170 Safari/537.36} ""POST /santaba/rest/recyclebin/recycles/batchrestore?_scope=internal HTTP/1.1"" pod=p01.la3.prod"
"1526086985000","05/12/2018 09:03:05.000 +0800","May 11 18:03:05 localhost haproxy[18865]: 162.227.152.235:51144 [11/May/2018:18:03:05.091] ft_lm_customer_ssl~ bluelock.logicmonitor.com/demo02.dc4.logicmonitor.net 293/0/0/5/298 200 163 - - ---- 252/252/0/1/0 0/0 {bluelock.logicmonitor.com|Mozilla/5.0 (Windows NT 10.0; Win64; x64) AppleWebKit/537.36 (KHTML, like Gecko) Chrome/66.0.3359.139 Safari/537.36} ""POST /santaba/rest/recyclebin/recycles/batchrestore?_scope=internal HTTP/1.1"" pod=p01.dc4.demo"
"1526073684000","05/12/2018 05:21:24.000 +0800","May 11 14:21:24 localhost haproxy[392724]: 24.20.174.171:56691 [11/May/2018:14:21:24.171] ft_lm_customer_ssl~ swizznet.logicmonitor.com/prod32.dc4.logicmonitor.net 102/0/0/11/113 200 163 - - ---- 193/193/0/1/0 0/0 {swizznet.logicmonitor.com|Mozilla/5.0 (Windows NT 10.0; Win64; x64) AppleWebKit/537.36 (KHTML, like Gecko) Chrome/66.0.3359.139 Safari/537.36} ""POST /santaba/rest/recyclebin/recycles/batchrestore?_scope=internal HTTP/1.1"" pod=p10.dc4.prod"
"1526072158000","05/12/2018 04:55:58.000 +0800","May 11 13:55:58 localhost haproxy[108687]: 4.79.184.5:36605 [11/May/2018:13:55:58.041] ft_lm_customer_ssl~ calibrus.logicmonitor.com/prod39.dc4.logicmonitor.net 82/0/0/6/88 200 163 - - ---- 369/369/0/1/0 0/0 {calibrus.logicmonitor.com|Mozilla/5.0 (Windows NT 6.1; Win64; x64) AppleWebKit/537.36 (KHTML, like Gecko) Chrome/66.0.3359.139 Safari/537.36} ""POST /santaba/rest/recyclebin/recycles/batchrestore?_scope=internal HTTP/1.1"" pod=p12.dc4.prod"
"1526035248000","05/11/2018 18:40:48.000 +0800","May 11 03:40:48 localhost haproxy[28055]: 83.98.24.231:56484 [11/May/2018:03:40:47.656] ft_lm_customer_ssl~ splc.logicmonitor.com/prod20.ld5.logicmonitor.net 1082/0/0/7/1089 200 163 - - ---- 144/144/0/1/0 0/0 {splc.logicmonitor.com|Mozilla/5.0 (Windows NT 6.1; WOW64) AppleWebKit/537.36 (KHTML, like Gecko) Chrome/66.0.3359.139 Safari/537.36} ""POST /santaba/rest/recyclebin/recycles/batchrestore?_scope=internal HTTP/1.1"" pod=p03.ld5.prod"
"1526025565000","05/11/2018 15:59:25.000 +0800","May 11 00:59:25 localhost haproxy[21139]: 111.93.149.122:49388 [11/May/2018:00:59:23.791] ft_lm_customer_ssl~ smartshift.logicmonitor.com/prod43.la3.logicmonitor.net 1659/0/0/4/1663 200 163 - - ---- 504/504/0/1/0 0/0 {smartshift.logicmonitor.com|Mozilla/5.0 (Windows NT 6.3; Win64; x64) AppleWebKit/537.36 (KHTML, like Gecko) Chrome/66.0.3359.139 Safari/537.36} ""POST /santaba/rest/recyclebin/recycles/batchrestore?_scope=internal HTTP/1.1"" pod=p05.la3.prod"
"1526025483000","05/11/2018 15:58:03.000 +0800","May 11 00:58:03 localhost haproxy[21139]: 111.93.149.122:49388 [11/May/2018:00:57:53.718] ft_lm_customer_ssl~ smartshift.logicmonitor.com/prod43.la3.logicmonitor.net 9832/0/0/5/9837 200 163 - - ---- 513/513/0/1/0 0/0 {smartshift.logicmonitor.com|Mozilla/5.0 (Windows NT 6.3; Win64; x64) AppleWebKit/537.36 (KHTML, like Gecko) Chrome/66.0.3359.139 Safari/537.36} ""POST /santaba/rest/recyclebin/recycles/batchrestore?_scope=internal HTTP/1.1"" pod=p05.la3.prod"
"1525989640000","05/11/2018 06:00:40.000 +0800","May 10 15:00:40 localhost haproxy[6309]: 204.227.0.254:52485 [10/May/2018:15:00:30.522] ft_lm_customer_ssl~ synoptek.logicmonitor.com/prod11.dc4.logicmonitor.net 9878/0/0/15/9893 200 163 - - ---- 372/372/0/1/0 0/0 {synoptek.logicmonitor.com|Mozilla/5.0 (Windows NT 10.0; Win64; x64) AppleWebKit/537.36 (KHTML, like Gecko) Chrome/66.0.3359.139 Safari/537.36} ""POST /santaba/rest/recyclebin/recycles/batchrestore?_scope=internal HTTP/1.1"" pod=p04.dc7.prod"
"1525986962000","05/11/2018 05:16:02.000 +0800","May 10 14:16:02 localhost haproxy[20539]: 98.229.165.87:65217 [10/May/2018:14:15:56.054] ft_lm_customer_ssl~ insourceservices.logicmonitor.com/prod77.dc4.logicmonitor.net 6467/0/0/6/6473 200 163 - - ---- 550/550/0/1/0 0/0 {insourceservices.logicmonitor.|Mozilla/5.0 (Windows NT 10.0; Win64; x64) AppleWebKit/537.36 (KHTML, like Gecko) Chrome/66.0.3359.139 Safari/537.36} ""POST /santaba/rest/recyclebin/recycles/batchrestore?_scope=internal HTTP/1.1"" pod=p01.dc7.prod"
"1525984489000","05/11/2018 04:34:49.000 +0800","May 10 13:34:49 localhost haproxy[184618]: 104.145.11.61:49363 [10/May/2018:13:34:49.664] ft_lm_customer_ssl~ servicesinformatiquessl.logicmonitor.com/prod08.dc4.logicmonitor.net 72/0/0/6/78 200 163 - - ---- 241/241/0/1/0 0/0 {servicesinformatiquessl.logicm|Mozilla/5.0 (Windows NT 10.0; Win64; x64; rv:59.0) Gecko/20100101 Firefox/59.0} ""POST /santaba/rest/recyclebin/recycles/batchrestore?_scope=internal HTTP/1.1"" pod=p05.dc7.prod"
"1525982695000","05/11/2018 04:04:55.000 +0800","May 10 13:04:55 localhost haproxy[11274]: 5.35.165.181:55942 [10/May/2018:13:04:41.974] ft_lm_customer_ssl~ iconsult.logicmonitor.com/prod76.dc4.logicmonitor.net 13928/0/0/28/13956 200 163 - - ---- 565/565/0/1/0 0/0 {iconsult.logicmonitor.com|Mozilla/5.0 (Windows NT 10.0; Win64; x64) AppleWebKit/537.36 (KHTML, like Gecko) Chrome/66.0.3359.139 Safari/537.36} ""POST /santaba/rest/recyclebin/recycles/batchrestore?_scope=internal HTTP/1.1"" pod=p01.dc7.prod"
"1525982128000","05/11/2018 03:55:28.000 +0800","May 10 12:55:28 localhost haproxy[30143]: 173.209.67.211:56268 [10/May/2018:12:55:27.866] ft_lm_customer_ssl~ ctgatlanta.logicmonitor.com/prod05.dc4.logicmonitor.net 91/0/0/132/223 200 163 - - ---- 328/328/3/4/0 0/0 {ctgatlanta.logicmonitor.com|Mozilla/5.0 (Windows NT 6.1; Win64; x64) AppleWebKit/537.36 (KHTML, like Gecko) Chrome/66.0.3359.139 Safari/537.36} ""POST /santaba/rest/recyclebin/recycles/batchrestore?_scope=internal HTTP/1.1"" pod=p07.dc4.prod"
"1525959669000","05/10/2018 21:41:09.000 +0800","May 10 06:41:09 localhost haproxy[21131]: 45.18.94.226:23257 [10/May/2018:06:41:03.419] ft_lm_customer_ssl~ cvits.logicmonitor.com/prod42.la3.logicmonitor.net 5557/0/0/57/5614 200 163 - - ---- 575/575/0/1/0 0/0 {cvits.logicmonitor.com|Mozilla/5.0 (Windows NT 10.0; Win64; x64) AppleWebKit/537.36 (KHTML, like Gecko) Chrome/66.0.3359.139 Safari/537.36} ""POST /santaba/rest/recyclebin/recycles/batchrestore?_scope=internal HTTP/1.1"" pod=p05.la3.prod"
"1525945862000","05/10/2018 17:51:02.000 +0800","May 10 02:51:02 localhost haproxy[18355]: 14.143.12.233:19903 [10/May/2018:02:50:57.986] ft_lm_customer_ssl~ inforcloudtest.logicmonitor.com/santaba-i-0fe6dadae0664de00.us-west-1.logicmonitor.net 4205/0/0/15/4220 200 163 - - ---- 1000/1000/0/1/0 0/0 {inforcloudtest.logicmonitor.co|Mozilla/5.0 (Windows NT 10.0; Win64; x64) AppleWebKit/537.36 (KHTML, like Gecko) Chrome/66.0.3359.139 Safari/537.36} ""POST /santaba/rest/recyclebin/recycles/batchrestore?_scope=internal HTTP/1.1"" pod=p01.us-west-1.ng"
"1525945804000","05/10/2018 17:50:04.000 +0800","May 10 02:50:04 localhost haproxy[18355]: 14.143.12.233:59924 [10/May/2018:02:49:57.667] ft_lm_customer_ssl~ inforcloudtest.logicmonitor.com/santaba-i-0fe6dadae0664de00.us-west-1.logicmonitor.net 7217/0/0/32/7249 200 163 - - ---- 967/966/1/2/0 0/0 {inforcloudtest.logicmonitor.co|Mozilla/5.0 (Windows NT 10.0; Win64; x64) AppleWebKit/537.36 (KHTML, like Gecko) Chrome/66.0.3359.139 Safari/537.36} ""POST /santaba/rest/recyclebin/recycles/batchrestore?_scope=internal HTTP/1.1"" pod=p01.us-west-1.ng"
"1525935891000","05/10/2018 15:04:51.000 +0800","May 10 00:04:51 localhost haproxy[97152]: 111.93.88.210:43169 [10/May/2018:00:04:46.185] ft_lm_customer_ssl~ scantechsciences.logicmonitor.com/prod54.dc4.logicmonitor.net 5189/0/0/30/5219 200 163 - - ---- 1/1/0/1/0 0/0 {scantechsciences.logicmonitor.|Mozilla/5.0 (Windows NT 10.0; Win64; x64) AppleWebKit/537.36 (KHTML, like Gecko) Chrome/66.0.3359.139 Safari/537.36} ""POST /santaba/rest/recyclebin/recycles/batchrestore?_scope=internal HTTP/1.1"" pod=p14.dc4.prod"
"1525922743000","05/10/2018 11:25:43.000 +0800","May  9 20:25:43 localhost haproxy[130908]: 130.95.232.46:58040 [09/May/2018:20:25:35.583] ft_lm_customer_ssl~ uwa.logicmonitor.com/prod19.dc4.logicmonitor.net 8007/0/0/12/8019 200 163 - - ---- 314/314/0/1/0 0/0 {uwa.logicmonitor.com|Mozilla/5.0 (Windows NT 10.0; Win64; x64) AppleWebKit/537.36 (KHTML, like Gecko) Chrome/66.0.3359.139 Safari/537.36} ""POST /santaba/rest/recyclebin/recycles/batchrestore?_scope=internal HTTP/1.1"" pod=p09.dc4.prod"
"1525901281000","05/10/2018 05:28:01.000 +0800","May  9 14:28:01 localhost haproxy[70487]: 76.126.25.190:55258 [09/May/2018:14:28:01.079] ft_lm_customer_ssl~ centerednetworks.logicmonitor.com/prod31.la3.logicmonitor.net 40/0/0/13/53 200 163 - - ---- 500/500/0/1/0 0/0 {centerednetworks.logicmonitor.|Mozilla/5.0 (Windows NT 10.0; Win64; x64) AppleWebKit/537.36 (KHTML, like Gecko) Chrome/66.0.3359.139 Safari/537.36} ""POST /santaba/rest/recyclebin/recycles/batchrestore?_scope=internal HTTP/1.1"" pod=p02.la3.prod"
"1525898688000","05/10/2018 04:44:48.000 +0800","May  9 13:44:48 localhost haproxy[115263]: 65.125.135.157:28581 [09/May/2018:13:44:42.839] ft_lm_customer_ssl~ imtins.logicmonitor.com/prod05.la3.logicmonitor.net 5530/0/0/9/5539 200 163 - - ---- 362/362/0/1/0 0/0 {imtins.logicmonitor.com|Mozilla/5.0 (Macintosh; Intel Mac OS X 10_13_5) AppleWebKit/537.36 (KHTML, like Gecko) Chrome/66.0.3359.139 Safari/537.36} ""POST /santaba/rest/recyclebin/recycles/batchrestore?_scope=internal HTTP/1.1"" pod=p01.la3.prod"
"1525893858000","05/10/2018 03:24:18.000 +0800","May  9 12:24:18 localhost haproxy[90241]: 72.35.50.82:60093 [09/May/2018:12:24:18.846] ft_lm_customer_ssl~ dewpoint.logicmonitor.com/prod23.dc4.logicmonitor.net 27/0/0/4/31 200 163 - - ---- 365/365/0/1/0 0/0 {dewpoint.logicmonitor.com|Mozilla/5.0 (Windows NT 10.0; Win64; x64) AppleWebKit/537.36 (KHTML, like Gecko) Chrome/64.0.3282.140 Safari/537.36 Edge/17.17134} ""POST /santaba/rest/recyclebin/recycles/batchrestore?_scope=internal HTTP/1.1"" pod=p08.dc4.prod"
"1525891948000","05/10/2018 02:52:28.000 +0800","May  9 11:52:28 localhost haproxy[44627]: 24.101.220.103:60315 [09/May/2018:11:52:27.598] ft_lm_customer_ssl~ involta.logicmonitor.com/demo01.dc4.logicmonitor.net 591/0/0/6/597 200 163 - - ---- 216/216/0/1/0 0/0 {involta.logicmonitor.com|Mozilla/5.0 (Windows NT 10.0; Win64; x64) AppleWebKit/537.36 (KHTML, like Gecko) Chrome/66.0.3359.139 Safari/537.36} ""POST /santaba/rest/recyclebin/recycles/batchrestore?_scope=internal HTTP/1.1"" pod=p01.dc4.demo"
"1525888719000","05/10/2018 01:58:39.000 +0800","May  9 10:58:39 localhost haproxy[120017]: 172.100.176.182:55053 [09/May/2018:10:58:39.758] ft_lm_customer_ssl~ annese.logicmonitor.com/prod05.dc4.logicmonitor.net 37/0/0/6/43 200 163 - - ---- 312/312/0/1/0 0/0 {annese.logicmonitor.com|Mozilla/5.0 (Windows NT 10.0; Win64; x64) AppleWebKit/537.36 (KHTML, like Gecko) Chrome/66.0.3359.139 Safari/537.36} ""POST /santaba/rest/recyclebin/recycles/batchrestore?_scope=internal HTTP/1.1"" pod=p07.dc4.prod"
"1525877786000","05/09/2018 22:56:26.000 +0800","May  9 07:56:26 localhost haproxy[120018]: 176.74.172.32:52955 [09/May/2018:07:56:22.874] ft_lm_customer_ssl~ peer1support.logicmonitor.com/prod73.dc4.logicmonitor.net 3426/0/0/7/3433 200 163 - - ---- 268/268/0/1/0 0/0 {peer1support.logicmonitor.com|Mozilla/5.0 (Windows NT 10.0; WOW64; rv:59.0) Gecko/20100101 Firefox/59.0} ""POST /santaba/rest/recyclebin/recycles/batchrestore?_scope=internal HTTP/1.1"" pod=p07.dc4.prod"
"1525877733000","05/09/2018 22:55:33.000 +0800","May  9 07:55:33 localhost haproxy[120018]: 176.74.172.32:52955 [09/May/2018:07:55:29.257] ft_lm_customer_ssl~ peer1support.logicmonitor.com/prod73.dc4.logicmonitor.net 4607/0/0/5/4612 200 163 - - ---- 304/304/0/1/0 0/0 {peer1support.logicmonitor.com|Mozilla/5.0 (Windows NT 10.0; WOW64; rv:59.0) Gecko/20100101 Firefox/59.0} ""POST /santaba/rest/recyclebin/recycles/batchrestore?_scope=internal HTTP/1.1"" pod=p07.dc4.prod"
"1525877293000","05/09/2018 22:48:13.000 +0800","May  9 07:48:13 localhost haproxy[218321]: 155.201.43.33:35413 [09/May/2018:07:48:12.960] ft_lm_customer_ssl~ pwcttd.logicmonitor.com/prod31.dc4.logicmonitor.net 62/0/0/11/73 200 163 - - ---- 178/178/0/1/0 0/0 {pwcttd.logicmonitor.com|Mozilla/5.0 (Windows NT 10.0; Win64; x64) AppleWebKit/537.36 (KHTML, like Gecko) Chrome/66.0.3359.117 Safari/537.36} ""POST /santaba/rest/recyclebin/recycles/batchrestore?_scope=internal HTTP/1.1"" pod=p10.dc4.prod"
"1525875282000","05/09/2018 22:14:42.000 +0800","May  9 07:14:42 localhost haproxy[114316]: 67.55.83.229:42875 [09/May/2018:07:14:31.601] ft_lm_customer_ssl~ marcumtechnology.logicmonitor.com/prod80.dc4.logicmonitor.net 10575/0/0/6/10581 200 163 - - ---- 500/500/0/1/0 0/0 {marcumtechnology.logicmonitor.|Mozilla/5.0 (Windows NT 10.0; Win64; x64) AppleWebKit/537.36 (KHTML, like Gecko) Chrome/66.0.3359.139 Safari/537.36} ""POST /santaba/rest/recyclebin/recycles/batchrestore?_scope=internal HTTP/1.1"" pod=p06.dc7.prod"
"1525866739000","05/09/2018 19:52:19.000 +0800","May  9 04:52:19 localhost haproxy[130163]: 66.42.147.210:57022 [09/May/2018:04:52:18.541] ft_lm_customer_ssl~ onlinebls.logicmonitor.com/prod81.dc4.logicmonitor.net 1150/0/0/6/1156 200 163 - - ---- 341/341/0/1/0 0/0 {onlinebls.logicmonitor.com|Mozilla/5.0 (Windows NT 10.0; Win64; x64; rv:59.0) Gecko/20100101 Firefox/59.0} ""POST /santaba/rest/recyclebin/recycles/batchrestore?_scope=internal HTTP/1.1"" pod=p08.dc4.prod"
"1525826502000","05/09/2018 08:41:42.000 +0800","May  8 17:41:42 localhost haproxy[143114]: 130.95.232.47:54540 [08/May/2018:17:41:36.998] ft_lm_customer_ssl~ uwa.logicmonitor.com/prod19.dc4.logicmonitor.net 4909/0/0/280/5189 200 163 - - ---- 271/271/0/1/0 0/0 {uwa.logicmonitor.com|Mozilla/5.0 (Windows NT 10.0; Win64; x64) AppleWebKit/537.36 (KHTML, like Gecko) Chrome/66.0.3359.139 Safari/537.36} ""POST /santaba/rest/recyclebin/recycles/batchrestore?_scope=internal HTTP/1.1"" pod=p09.dc4.prod"
"1525813267000","05/09/2018 05:01:07.000 +0800","May  8 14:01:07 localhost haproxy[32420]: 97.105.247.69:59310 [08/May/2018:14:01:07.161] ft_lm_customer_ssl~ comsoltx.logicmonitor.com/prod33.dc4.logicmonitor.net 85/0/0/8/93 200 163 - - ---- 186/186/0/1/0 0/0 {comsoltx.logicmonitor.com|Mozilla/5.0 (Windows NT 10.0; Win64; x64; rv:59.0) Gecko/20100101 Firefox/59.0} ""POST /santaba/rest/recyclebin/recycles/batchrestore?_scope=internal HTTP/1.1"" pod=p10.dc4.prod"
"1525809365000","05/09/2018 03:56:05.000 +0800","May  8 12:56:05 localhost haproxy[120020]: 184.182.218.4:31301 [08/May/2018:12:55:57.168] ft_lm_customer_ssl~ it1.logicmonitor.com/prod05.dc4.logicmonitor.net 8233/0/0/5/8238 200 163 - - ---- 310/310/0/1/0 0/0 {it1.logicmonitor.com|Mozilla/5.0 (Windows NT 10.0; WOW64) AppleWebKit/537.36 (KHTML, like Gecko) Chrome/66.0.3359.139 Safari/537.36} ""POST /santaba/rest/recyclebin/recycles/batchrestore?_scope=internal HTTP/1.1"" pod=p07.dc4.prod"
"1525808336000","05/09/2018 03:38:56.000 +0800","May  8 12:38:56 localhost haproxy[115264]: 65.57.78.226:58987 [08/May/2018:12:38:42.424] ft_lm_customer_ssl~ mixpo.logicmonitor.com/prod14.la3.logicmonitor.net 13598/0/0/24/13622 200 163 - - ---- 364/364/0/1/0 0/0 {mixpo.logicmonitor.com|Mozilla/5.0 (Macintosh; Intel Mac OS X 10_10_5) AppleWebKit/537.36 (KHTML, like Gecko) Chrome/66.0.3359.139 Safari/537.36} ""POST /santaba/rest/recyclebin/recycles/batchrestore?_scope=internal HTTP/1.1"" pod=p01.la3.prod"
"1525800062000","05/09/2018 01:21:02.000 +0800","May  8 10:21:02 localhost haproxy[30143]: 4.35.168.34:35378 [08/May/2018:10:21:02.024] ft_lm_customer_ssl~ elkocitynv.logicmonitor.com/prod05.dc4.logicmonitor.net 77/0/0/8/85 200 163 - - ---- 300/300/0/1/0 0/0 {elkocitynv.logicmonitor.com|Mozilla/5.0 (Windows NT 10.0; Win64; x64; rv:59.0) Gecko/20100101 Firefox/59.0} ""POST /santaba/rest/recyclebin/recycles/batchrestore?_scope=internal HTTP/1.1"" pod=p07.dc4.prod"
"1525799936000","05/09/2018 01:18:56.000 +0800","May  8 10:18:56 localhost haproxy[30143]: 4.35.168.34:35378 [08/May/2018:10:18:56.205] ft_lm_customer_ssl~ elkocitynv.logicmonitor.com/prod05.dc4.logicmonitor.net 84/0/0/6/90 200 163 - - ---- 325/325/0/1/0 0/0 {elkocitynv.logicmonitor.com|Mozilla/5.0 (Windows NT 10.0; Win64; x64; rv:59.0) Gecko/20100101 Firefox/59.0} ""POST /santaba/rest/recyclebin/recycles/batchrestore?_scope=internal HTTP/1.1"" pod=p07.dc4.prod"
"1525793945000","05/08/2018 23:39:05.000 +0800","May  8 08:39:05 localhost haproxy[57601]: 185.179.20.2:60832 [08/May/2018:08:38:57.430] ft_lm_customer_ssl~ lima.logicmonitor.com/prod22.ld5.logicmonitor.net 8545/0/0/5/8550 200 163 - - ---- 143/143/0/1/0 0/0 {lima.logicmonitor.com|Mozilla/5.0 (Windows NT 10.0; WOW64) AppleWebKit/537.36 (KHTML, like Gecko) Chrome/62.0.3202.89 Safari/537.36} ""POST /santaba/rest/recyclebin/recycles/batchrestore?_scope=internal HTTP/1.1"" pod=p03.ld5.prod"
"1525789942000","05/08/2018 22:32:22.000 +0800","May  8 07:32:22 localhost haproxy[92891]: 207.250.240.72:59193 [08/May/2018:07:32:22.242] ft_lm_customer_ssl~ pointclickcare.logicmonitor.com/prod40.la3.logicmonitor.net 65/0/0/12/77 200 163 - - ---- 504/504/0/1/0 0/0 {pointclickcare.logicmonitor.co|Mozilla/5.0 (Windows NT 10.0; Win64; x64) AppleWebKit/537.36 (KHTML, like Gecko) Chrome/66.0.3359.139 Safari/537.36} ""POST /santaba/rest/recyclebin/recycles/batchrestore?_scope=internal HTTP/1.1"" pod=p04.la3.prod"
"1525781409000","05/08/2018 20:10:09.000 +0800","May  8 05:10:09 localhost haproxy[112112]: 80.115.79.59:53497 [08/May/2018:05:10:09.713] ft_lm_customer_ssl~ frieslandcampina.logicmonitor.com/demo01.ld5.logicmonitor.net 69/0/0/31/100 200 163 - - ---- 180/180/0/1/0 0/0 {frieslandcampina.logicmonitor.|Mozilla/5.0 (Windows NT 10.0; Win64; x64) AppleWebKit/537.36 (KHTML, like Gecko) Chrome/51.0.2704.79 Safari/537.36 Edge/14.14393} ""POST /santaba/rest/recyclebin/recycles/batchrestore?_scope=internal HTTP/1.1"" pod=p02.ld5.prod"
"1525777618000","05/08/2018 19:06:58.000 +0800","May  8 04:06:58 localhost haproxy[112110]: 46.231.23.4:22951 [08/May/2018:04:06:58.668] ft_lm_customer_ssl~ erg.logicmonitor.com/demo01.ld5.logicmonitor.net 20/0/0/13/33 200 163 - - ---- 193/193/0/1/0 0/0 {erg.logicmonitor.com|Mozilla/5.0 (Windows NT 6.1; Win64; x64) AppleWebKit/537.36 (KHTML, like Gecko) Chrome/65.0.3325.181 Safari/537.36} ""POST /santaba/rest/recyclebin/recycles/batchrestore?_scope=internal HTTP/1.1"" pod=p02.ld5.prod"
"1525777613000","05/08/2018 19:06:53.000 +0800","May  8 04:06:53 localhost haproxy[78483]: 109.234.242.6:21540 [08/May/2018:04:06:53.779] ft_lm_customer_ssl~ itaito.logicmonitor.com/prod14.ld5.logicmonitor.net 34/0/0/20/54 200 163 - - ---- 204/204/0/1/0 0/0 {itaito.logicmonitor.com|Mozilla/5.0 (Windows NT 10.0; Win64; x64) AppleWebKit/537.36 (KHTML, like Gecko) Chrome/66.0.3359.139 Safari/537.36} ""POST /santaba/rest/recyclebin/recycles/batchrestore?_scope=internal HTTP/1.1"" pod=p02.ld5.prod"
"1525777598000","05/08/2018 19:06:38.000 +0800","May  8 04:06:38 localhost haproxy[112115]: 46.231.23.4:22953 [08/May/2018:04:06:31.645] ft_lm_customer_ssl~ erg.logicmonitor.com/demo01.ld5.logicmonitor.net 7028/0/0/20/7048 200 163 - - ---- 185/185/0/1/0 0/0 {erg.logicmonitor.com|Mozilla/5.0 (Windows NT 6.1; Win64; x64) AppleWebKit/537.36 (KHTML, like Gecko) Chrome/65.0.3325.181 Safari/537.36} ""POST /santaba/rest/recyclebin/recycles/batchrestore?_scope=internal HTTP/1.1"" pod=p02.ld5.prod"
"1525737067000","05/08/2018 07:51:07.000 +0800","May  7 16:51:07 localhost haproxy[94061]: 173.48.123.190:52267 [07/May/2018:16:50:59.412] ft_lm_customer_ssl~ sophos.logicmonitor.com/prod16.la3.logicmonitor.net 8275/0/0/7/8282 200 163 - - ---- 446/446/0/1/0 0/0 {sophos.logicmonitor.com|Mozilla/5.0 (Macintosh; Intel Mac OS X 10_12_6) AppleWebKit/537.36 (KHTML, like Gecko) Chrome/66.0.3359.139 Safari/537.36} ""POST /santaba/rest/recyclebin/recycles/batchrestore?_scope=internal HTTP/1.1"" pod=p01.la3.prod"
"1525737042000","05/08/2018 07:50:42.000 +0800","May  7 16:50:42 localhost haproxy[94061]: 173.48.123.190:52267 [07/May/2018:16:50:25.330] ft_lm_customer_ssl~ sophos.logicmonitor.com/prod16.la3.logicmonitor.net 16913/0/0/10/16923 200 163 - - ---- 468/468/0/1/0 0/0 {sophos.logicmonitor.com|Mozilla/5.0 (Macintosh; Intel Mac OS X 10_12_6) AppleWebKit/537.36 (KHTML, like Gecko) Chrome/66.0.3359.139 Safari/537.36} ""POST /santaba/rest/recyclebin/recycles/batchrestore?_scope=internal HTTP/1.1"" pod=p01.la3.prod"
"1525731543000","05/08/2018 06:19:03.000 +0800","May  7 15:19:03 localhost haproxy[94066]: 50.82.95.170:56120 [07/May/2018:15:18:56.913] ft_lm_customer_ssl~ imtins.logicmonitor.com/prod05.la3.logicmonitor.net 6089/0/0/7/6096 200 163 - - ---- 428/428/0/1/0 0/0 {imtins.logicmonitor.com|Mozilla/5.0 (Macintosh; Intel Mac OS X 10_13_4) AppleWebKit/537.36 (KHTML, like Gecko) Chrome/66.0.3359.139 Safari/537.36} ""POST /santaba/rest/recyclebin/recycles/batchrestore?_scope=internal HTTP/1.1"" pod=p01.la3.prod"
"1525726129000","05/08/2018 04:48:49.000 +0800","May  7 13:48:49 localhost haproxy[143109]: 115.248.129.122:64950 [07/May/2018:13:48:47.792] ft_lm_customer_ssl~ livevox.logicmonitor.com/prod21.dc4.logicmonitor.net 1650/0/0/11/1661 200 163 - - ---- 261/261/1/2/0 0/0 {livevox.logicmonitor.com|Mozilla/5.0 (Windows NT 10.0; Win64; x64; rv:59.0) Gecko/20100101 Firefox/59.0} ""POST /santaba/rest/recyclebin/recycles/batchrestore?_scope=internal HTTP/1.1"" pod=p09.dc4.prod"
"1525720992000","05/08/2018 03:23:12.000 +0800","May  7 12:23:12 localhost haproxy[110916]: 216.236.254.242:55095 [07/May/2018:12:23:07.435] ft_lm_customer_ssl~ g2techgroup.logicmonitor.com/prod43.la3.logicmonitor.net 5132/0/0/4/5136 200 163 - - ---- 512/512/0/1/0 0/0 {g2techgroup.logicmonitor.com|Mozilla/5.0 (Macintosh; Intel Mac OS X 10_13_4) AppleWebKit/537.36 (KHTML, like Gecko) Chrome/66.0.3359.139 Safari/537.36} ""POST /santaba/rest/recyclebin/recycles/batchrestore?_scope=internal HTTP/1.1"" pod=p05.la3.prod"
"1525720986000","05/08/2018 03:23:06.000 +0800","May  7 12:23:06 localhost haproxy[110916]: 216.236.254.242:55095 [07/May/2018:12:22:57.207] ft_lm_customer_ssl~ g2techgroup.logicmonitor.com/prod43.la3.logicmonitor.net 9649/0/0/12/9661 200 163 - - ---- 532/532/0/1/0 0/0 {g2techgroup.logicmonitor.com|Mozilla/5.0 (Macintosh; Intel Mac OS X 10_13_4) AppleWebKit/537.36 (KHTML, like Gecko) Chrome/66.0.3359.139 Safari/537.36} ""POST /santaba/rest/recyclebin/recycles/batchrestore?_scope=internal HTTP/1.1"" pod=p05.la3.prod"
"1525711735000","05/08/2018 00:48:55.000 +0800","May  7 09:48:55 localhost haproxy[115261]: 65.125.135.157:28832 [07/May/2018:09:48:50.649] ft_lm_customer_ssl~ imtins.logicmonitor.com/prod05.la3.logicmonitor.net 4690/0/0/14/4704 200 163 - - ---- 373/373/0/1/0 0/0 {imtins.logicmonitor.com|Mozilla/5.0 (Macintosh; Intel Mac OS X 10_13_5) AppleWebKit/537.36 (KHTML, like Gecko) Chrome/66.0.3359.139 Safari/537.36} ""POST /santaba/rest/recyclebin/recycles/batchrestore?_scope=internal HTTP/1.1"" pod=p01.la3.prod"
"1525486417000","05/05/2018 10:13:37.000 +0800","May  4 19:13:37 localhost haproxy[11271]: 124.123.72.202:7887 [04/May/2018:19:13:33.451] ft_lm_customer_ssl~ asims.logicmonitor.com/prod22.dc4.logicmonitor.net 4144/0/0/24/4168 200 163 - - ---- 503/503/0/1/0 0/0 {asims.logicmonitor.com|Mozilla/5.0 (Windows NT 10.0; Win64; x64; rv:59.0) Gecko/20100101 Firefox/59.0} ""POST /santaba/rest/recyclebin/recycles/batchrestore?_scope=internal HTTP/1.1"" pod=p01.dc7.prod"
"1525461510000","05/05/2018 03:18:30.000 +0800","May  4 12:18:30 localhost haproxy[68709]: 4.15.178.198:48507 [04/May/2018:12:18:22.810] ft_lm_customer_ssl~ insightglobal.logicmonitor.com/prod41.la3.logicmonitor.net 7337/0/0/9/7346 200 163 - - ---- 496/496/0/1/0 0/0 {insightglobal.logicmonitor.com|Mozilla/5.0 (Windows NT 10.0; Win64; x64) AppleWebKit/537.36 (KHTML, like Gecko) Chrome/66.0.3359.139 Safari/537.36} ""POST /santaba/rest/recyclebin/recycles/batchrestore?_scope=internal HTTP/1.1"" pod=p04.la3.prod"
"1525461193000","05/05/2018 03:13:13.000 +0800","May  4 12:13:13 localhost haproxy[172099]: 24.155.229.233:52151 [04/May/2018:12:13:13.201] ft_lm_customer_ssl~ ucsb.logicmonitor.com/demo02.dc4.logicmonitor.net 51/0/0/7/58 200 163 - - ---- 202/202/0/1/0 0/0 {ucsb.logicmonitor.com|Mozilla/5.0 (Windows NT 10.0; Win64; x64) AppleWebKit/537.36 (KHTML, like Gecko) Chrome/67.0.3396.30 Safari/537.36} ""POST /santaba/rest/recyclebin/recycles/batchrestore?_scope=internal HTTP/1.1"" pod=p01.dc4.demo"
"1525449986000","05/05/2018 00:06:26.000 +0800","May  4 09:06:26 localhost haproxy[95479]: 67.202.213.1:26988 [04/May/2018:09:06:20.791] ft_lm_customer_ssl~ blackstone.logicmonitor.com/prod05.dc4.logicmonitor.net 6051/0/0/15/6066 200 163 - - ---- 293/293/0/1/0 0/0 {blackstone.logicmonitor.com|Mozilla/5.0 (Windows NT 6.1; WOW64; rv:52.0) Gecko/20100101 Firefox/52.0} ""POST /santaba/rest/recyclebin/recycles/batchrestore?_scope=internal HTTP/1.1"" pod=p07.dc4.prod"
"1525449003000","05/04/2018 23:50:03.000 +0800","May  4 08:50:03 localhost haproxy[138884]: 208.4.61.130:31058 [04/May/2018:08:50:03.945] ft_lm_customer_ssl~ penfed.logicmonitor.com/prod80.dc4.logicmonitor.net 28/0/0/6/34 200 163 - - ---- 521/521/0/1/0 0/0 {penfed.logicmonitor.com|Mozilla/5.0 (Windows NT 6.1; Win64; x64) AppleWebKit/537.36 (KHTML, like Gecko) Chrome/66.0.3359.139 Safari/537.36} ""POST /santaba/rest/recyclebin/recycles/batchrestore?_scope=internal HTTP/1.1"" pod=p06.dc7.prod"
"1525417143000","05/04/2018 14:59:03.000 +0800","May  3 23:59:03 localhost haproxy[66272]: 104.129.196.203:26039 [03/May/2018:23:59:03.248] ft_lm_customer_ssl~ vh.logicmonitor.com/prod08.dc4.logicmonitor.net 42/0/0/8/50 200 163 - - ---- 242/242/0/1/0 0/0 {vh.logicmonitor.com|Mozilla/5.0 (Windows NT 6.1; Win64; x64) AppleWebKit/537.36 (KHTML, like Gecko) Chrome/66.0.3359.139 Safari/537.36} ""POST /santaba/rest/recyclebin/recycles/batchrestore?_scope=internal HTTP/1.1"" pod=p05.dc7.prod"
"1525400694000","05/04/2018 10:24:54.000 +0800","May  3 19:24:54 localhost haproxy[184618]: 192.92.157.249:17518 [03/May/2018:19:24:53.689] ft_lm_customer_ssl~ esl.logicmonitor.com/prod07.dc4.logicmonitor.net 1035/0/0/5/1040 200 163 - - ---- 281/281/0/1/0 0/0 {esl.logicmonitor.com|Mozilla/5.0 (Windows NT 6.1; Win64; x64) AppleWebKit/537.36 (KHTML, like Gecko) Chrome/66.0.3359.139 Safari/537.36} ""POST /santaba/rest/recyclebin/recycles/batchrestore?_scope=internal HTTP/1.1"" pod=p05.dc7.prod"
"1525400652000","05/04/2018 10:24:12.000 +0800","May  3 19:24:12 localhost haproxy[184617]: 192.92.157.249:17577 [03/May/2018:19:24:08.543] ft_lm_customer_ssl~ esl.logicmonitor.com/prod07.dc4.logicmonitor.net 3726/0/0/5/3731 200 163 - - ---- 252/252/0/1/0 0/0 {esl.logicmonitor.com|Mozilla/5.0 (Windows NT 6.1; Win64; x64) AppleWebKit/537.36 (KHTML, like Gecko) Chrome/66.0.3359.139 Safari/537.36} ""POST /santaba/rest/recyclebin/recycles/batchrestore?_scope=internal HTTP/1.1"" pod=p05.dc7.prod"
"1525400624000","05/04/2018 10:23:44.000 +0800","May  3 19:23:44 localhost haproxy[66274]: 192.92.157.249:17933 [03/May/2018:19:23:38.543] ft_lm_customer_ssl~ esl.logicmonitor.com/prod07.dc4.logicmonitor.net 5608/0/0/6/5614 200 163 - - ---- 251/251/0/1/0 0/0 {esl.logicmonitor.com|Mozilla/5.0 (Windows NT 6.1; Win64; x64) AppleWebKit/537.36 (KHTML, like Gecko) Chrome/66.0.3359.139 Safari/537.36} ""POST /santaba/rest/recyclebin/recycles/batchrestore?_scope=internal HTTP/1.1"" pod=p05.dc7.prod"
"1525400587000","05/04/2018 10:23:07.000 +0800","May  3 19:23:07 localhost haproxy[184616]: 192.92.157.249:17519 [03/May/2018:19:23:01.213] ft_lm_customer_ssl~ esl.logicmonitor.com/prod07.dc4.logicmonitor.net 6727/0/0/7/6734 200 163 - - ---- 262/262/0/1/0 0/0 {esl.logicmonitor.com|Mozilla/5.0 (Windows NT 6.1; Win64; x64) AppleWebKit/537.36 (KHTML, like Gecko) Chrome/66.0.3359.139 Safari/537.36} ""POST /santaba/rest/recyclebin/recycles/batchrestore?_scope=internal HTTP/1.1"" pod=p05.dc7.prod"
"1525388163000","05/04/2018 06:56:03.000 +0800","May  3 15:56:03 localhost haproxy[124810]: 203.28.63.1:31339 [03/May/2018:15:55:50.182] ft_lm_customer_ssl~ officeworks.logicmonitor.com/demo02.dc4.logicmonitor.net 1761/0/0/11159/12921 200 163 - - ---- 200/200/0/1/0 0/0 {officeworks.logicmonitor.com|Mozilla/5.0 (Windows NT 10.0; Win64; x64) AppleWebKit/537.36 (KHTML, like Gecko) Chrome/66.0.3359.139 Safari/537.36} ""POST /santaba/rest/recyclebin/recycles/batchrestore?_scope=internal HTTP/1.1"" pod=p01.dc4.demo"
"1525385847000","05/04/2018 06:17:27.000 +0800","May  3 15:17:27 localhost haproxy[146259]: 74.201.65.12:52529 [03/May/2018:15:17:27.411] ft_lm_customer_ssl~ perrysportal.logicmonitor.com/demo02.dc4.logicmonitor.net 89/0/0/5/94 200 163 - - ---- 204/204/0/1/0 0/0 {perrysportal.logicmonitor.com|Mozilla/5.0 (Macintosh; Intel Mac OS X 10_13_2) AppleWebKit/537.36 (KHTML, like Gecko) Chrome/65.0.3325.181 Safari/537.36} ""POST /santaba/rest/recyclebin/recycles/batchrestore?_scope=internal HTTP/1.1"" pod=p01.dc4.demo"
"1525375827000","05/04/2018 03:30:27.000 +0800","May  3 12:30:27 localhost haproxy[71437]: 208.4.61.130:30515 [03/May/2018:12:30:23.939] ft_lm_customer_ssl~ penfed.logicmonitor.com/prod80.dc4.logicmonitor.net 3899/0/0/13/3912 200 163 - - ---- 391/391/0/1/0 0/0 {penfed.logicmonitor.com|Mozilla/5.0 (Windows NT 6.1; Win64; x64) AppleWebKit/537.36 (KHTML, like Gecko) Chrome/66.0.3359.139 Safari/537.36} ""POST /santaba/rest/recyclebin/recycles/batchrestore?_scope=internal HTTP/1.1"" pod=p06.dc7.prod"
"1525361763000","05/03/2018 23:36:03.000 +0800","May  3 08:36:03 localhost haproxy[25986]: 68.170.19.25:63921 [03/May/2018:08:35:59.756] ft_lm_customer_ssl~ synchronosssb.logicmonitor.com/santaba-i-0b41dd321295c22e5.us-west-1.logicmonitor.net 3304/0/0/8/3312 200 163 - - ---- 1125/1124/0/1/0 0/0 {synchronosssb.logicmonitor.com|Mozilla/5.0 (Windows NT 6.1; Win64; x64; rv:52.0) Gecko/20100101 Firefox/52.0} ""POST /santaba/rest/recyclebin/recycles/batchrestore?_scope=internal HTTP/1.1"" pod=p01.us-west-1.ng"
"1525299929000","05/03/2018 06:25:29.000 +0800","May  2 15:25:29 localhost haproxy[55839]: 8.44.177.252:37292 [02/May/2018:15:25:28.908] ft_lm_customer_ssl~ rms.logicmonitor.com/demo01.dc4.logicmonitor.net 114/0/0/5/119 200 163 - - ---- 199/199/0/1/0 0/0 {rms.logicmonitor.com|Mozilla/5.0 (Windows NT 6.1; WOW64) AppleWebKit/537.36 (KHTML, like Gecko) Chrome/65.0.3325.181 Safari/537.36} ""POST /santaba/rest/recyclebin/recycles/batchrestore?_scope=internal HTTP/1.1"" pod=p01.dc4.demo"
"1525296266000","05/03/2018 05:24:26.000 +0800","May  2 14:24:26 localhost haproxy[33413]: 47.19.146.146:25028 [02/May/2018:14:24:26.931] ft_lm_customer_ssl~ newmansown.logicmonitor.com/demo01.dc4.logicmonitor.net 16/0/0/5/21 200 163 - - ---- 179/179/0/1/0 0/0 {newmansown.logicmonitor.com|Mozilla/5.0 (Windows NT 10.0; Win64; x64) AppleWebKit/537.36 (KHTML, like Gecko) Chrome/66.0.3359.117 Safari/537.36} ""POST /santaba/rest/recyclebin/recycles/batchrestore?_scope=internal HTTP/1.1"" pod=p01.dc4.demo"
"1525294025000","05/03/2018 04:47:05.000 +0800","May  2 13:47:05 localhost haproxy[7351]: 50.59.77.42:36801 [02/May/2018:13:47:05.544] ft_lm_customer_ssl~ lmtim.logicmonitor.com/santaba-i-0b41dd321295c22e5.us-west-1.logicmonitor.net 52/0/0/5/57 200 163 - - ---- 998/996/0/1/0 0/0 {lmtim.logicmonitor.com|Mozilla/5.0 (Macintosh; Intel Mac OS X 10_13_3) AppleWebKit/537.36 (KHTML, like Gecko) Chrome/65.0.3325.181 Safari/537.36} ""POST /santaba/rest/recyclebin/recycles/batchrestore?_scope=internal HTTP/1.1"" pod=p01.us-west-1.ng"
"1525293961000","05/03/2018 04:46:01.000 +0800","May  2 13:46:01 localhost haproxy[7351]: 50.59.77.42:29699 [02/May/2018:13:46:01.561] ft_lm_customer_ssl~ lmtim.logicmonitor.com/santaba-i-0b41dd321295c22e5.us-west-1.logicmonitor.net 55/0/0/9/64 200 163 - - ---- 1064/1064/0/1/0 0/0 {lmtim.logicmonitor.com|Mozilla/5.0 (Macintosh; Intel Mac OS X 10_13_3) AppleWebKit/537.36 (KHTML, like Gecko) Chrome/65.0.3325.181 Safari/537.36} ""POST /santaba/rest/recyclebin/recycles/batchrestore?_scope=internal HTTP/1.1"" pod=p01.us-west-1.ng"
"1525281507000","05/03/2018 01:18:27.000 +0800","May  2 10:18:27 localhost haproxy[138769]: 72.35.50.82:56715 [02/May/2018:10:18:20.766] ft_lm_customer_ssl~ dewpoint.logicmonitor.com/prod23.dc4.logicmonitor.net 6869/0/0/11/6880 200 163 - - ---- 385/385/0/1/0 0/0 {dewpoint.logicmonitor.com|Mozilla/5.0 (Macintosh; Intel Mac OS X 10_13_4) AppleWebKit/537.36 (KHTML, like Gecko) Chrome/65.0.3325.181 Safari/537.36 OPR/52.0.2871.97} ""POST /santaba/rest/recyclebin/recycles/batchrestore?_scope=internal HTTP/1.1"" pod=p08.dc4.prod"
"1525276242000","05/02/2018 23:50:42.000 +0800","May  2 08:50:42 localhost haproxy[294442]: 216.117.82.220:33976 [02/May/2018:08:50:29.847] ft_lm_customer_ssl~ cyrusone.logicmonitor.com/prod38.dc4.logicmonitor.net 12779/0/0/6/12785 200 163 - - ---- 422/422/0/1/0 0/0 {cyrusone.logicmonitor.com|Mozilla/5.0 (Windows NT 6.1; Win64; x64) AppleWebKit/537.36 (KHTML, like Gecko) Chrome/66.0.3359.139 Safari/537.36} ""POST /santaba/rest/recyclebin/recycles/batchrestore?_scope=internal HTTP/1.1"" pod=p12.dc4.prod"
"1525276176000","05/02/2018 23:49:36.000 +0800","May  2 08:49:36 localhost haproxy[95482]: 50.59.77.42:53015 [02/May/2018:08:49:34.879] ft_lm_customer_ssl~ peer1support.logicmonitor.com/prod73.dc4.logicmonitor.net 1194/0/0/14/1208 200 163 - - ---- 286/286/0/1/0 0/0 {peer1support.logicmonitor.com|Mozilla/5.0 (Macintosh; Intel Mac OS X 10_13_4) AppleWebKit/537.36 (KHTML, like Gecko) Chrome/66.0.3359.139 Safari/537.36} ""POST /santaba/rest/recyclebin/recycles/batchrestore?_scope=internal HTTP/1.1"" pod=p07.dc4.prod"
"1525275312000","05/02/2018 23:35:12.000 +0800","May  2 08:35:12 localhost haproxy[7351]: 185.179.20.2:62991 [02/May/2018:08:35:09.528] ft_lm_customer_ssl~ limasandbox.logicmonitor.com/santaba-i-0fe6dadae0664de00.us-west-1.logicmonitor.net 3394/0/0/9/3403 200 163 - - ---- 1048/1046/6/7/0 0/0 {limasandbox.logicmonitor.com|Mozilla/5.0 (Windows NT 10.0; WOW64) AppleWebKit/537.36 (KHTML, like Gecko) Chrome/62.0.3202.89 Safari/537.36} ""POST /santaba/rest/recyclebin/recycles/batchrestore?_scope=internal HTTP/1.1"" pod=p01.us-west-1.ng"
"1525275257000","05/02/2018 23:34:17.000 +0800","May  2 08:34:17 localhost haproxy[7351]: 185.179.20.2:62993 [02/May/2018:08:34:15.968] ft_lm_customer_ssl~ limasandbox.logicmonitor.com/santaba-i-0fe6dadae0664de00.us-west-1.logicmonitor.net 1025/0/0/28/1053 200 163 - - ---- 986/986/3/4/0 0/0 {limasandbox.logicmonitor.com|Mozilla/5.0 (Windows NT 10.0; WOW64) AppleWebKit/537.36 (KHTML, like Gecko) Chrome/62.0.3202.89 Safari/537.36} ""POST /santaba/rest/recyclebin/recycles/batchrestore?_scope=internal HTTP/1.1"" pod=p01.us-west-1.ng"
"1525274316000","05/02/2018 23:18:36.000 +0800","May  2 08:18:36 localhost haproxy[173858]: 185.179.20.2:51858 [02/May/2018:08:18:30.041] ft_lm_customer_ssl~ lima.logicmonitor.com/prod22.ld5.logicmonitor.net 6302/0/0/8/6310 200 163 - - ---- 147/147/0/1/0 0/0 {lima.logicmonitor.com|Mozilla/5.0 (Windows NT 10.0; WOW64) AppleWebKit/537.36 (KHTML, like Gecko) Chrome/62.0.3202.89 Safari/537.36} ""POST /santaba/rest/recyclebin/recycles/batchrestore?_scope=internal HTTP/1.1"" pod=p03.ld5.prod"
"1525271846000","05/02/2018 22:37:26.000 +0800","May  2 07:37:26 localhost haproxy[143111]: 162.216.32.2:62892 [02/May/2018:07:37:26.703] ft_lm_customer_ssl~ dsm.logicmonitor.com/prod20.dc4.logicmonitor.net 51/0/0/21/72 200 163 - - ---- 251/251/0/1/0 0/0 {dsm.logicmonitor.com|Mozilla/5.0 (Windows NT 10.0; Win64; x64) AppleWebKit/537.36 (KHTML, like Gecko) Chrome/66.0.3359.139 Safari/537.36} ""POST /santaba/rest/recyclebin/recycles/batchrestore?_scope=internal HTTP/1.1"" pod=p09.dc4.prod"
"1525270429000","05/02/2018 22:13:49.000 +0800","May  2 07:13:49 localhost haproxy[130912]: 208.52.188.68:62454 [02/May/2018:07:13:49.008] ft_lm_customer_ssl~ macstadium.logicmonitor.com/prod20.dc4.logicmonitor.net 33/0/0/12/45 200 163 - - ---- 312/312/0/1/0 0/0 {macstadium.logicmonitor.com|Mozilla/5.0 (Macintosh; Intel Mac OS X 10.11; rv:59.0) Gecko/20100101 Firefox/59.0} ""POST /santaba/rest/recyclebin/recycles/batchrestore?_scope=internal HTTP/1.1"" pod=p09.dc4.prod"
"1525270082000","05/02/2018 22:08:02.000 +0800","May  2 07:08:02 localhost haproxy[294438]: 90.155.120.1:52946 [02/May/2018:07:07:58.671] ft_lm_customer_ssl~ novosco.logicmonitor.com/prod39.dc4.logicmonitor.net 3773/0/0/158/3931 200 163 - - ---- 427/427/0/1/0 0/0 {novosco.logicmonitor.com|Mozilla/5.0 (Windows NT 10.0; Win64; x64) AppleWebKit/537.36 (KHTML, like Gecko) Chrome/65.0.3325.181 Safari/537.36} ""POST /santaba/rest/recyclebin/recycles/batchrestore?_scope=internal HTTP/1.1"" pod=p12.dc4.prod"
"1525249643000","05/02/2018 16:27:23.000 +0800","May  2 01:27:23 localhost haproxy[65373]: 88.97.27.133:56633 [02/May/2018:01:27:22.652] ft_lm_customer_ssl~ rentokilinitial.logicmonitor.com/prod14.ld5.logicmonitor.net 795/0/0/58/853 200 163 - - ---- 174/174/0/1/0 0/0 {rentokilinitial.logicmonitor.c|Mozilla/5.0 (Windows NT 10.0; WOW64) AppleWebKit/537.36 (KHTML, like Gecko) Chrome/62.0.3202.89 Safari/537.36} ""POST /santaba/rest/recyclebin/recycles/batchrestore?_scope=internal HTTP/1.1"" pod=p02.ld5.prod"
